DT,F1,F2,F3,F4,F5,F6,F7,F8,F9,F10,F11,F12,F13,F14,F15,F16,F17,F18,F19,F20,F21,F22,F23,F24,F25,F26,F27,F28,F29,F30,F31,F32,F33,F34,F35,F36,F37,F38,F39,F40,F41,F42,F43,F44,F45,F46,F47,F48,F49,F50,F51,F52,F53,F54,F55,F56,F57,F58,F59,F60,F61,F62,F63,F64,F65,F66,F67,F68,F69,F70,F71,F72,F73,F74,F75,F76,F77,F78,F79
2022-03-14 11:19:00,0.0,298.0,0.0,298.0,0.0,29.0,0.0,29.0,23.0,30.0,23.0,30.0,150.0,178.0,169.0,190.0,15.0,18.0,17.0,19.0,9.0,0.8,1.0,1.0,1.0,1.0,0.0,0.0,0.0,0.0,0.0,0.0,0.0,1.0,1.0,1100.0,67.0,2.0,270.0,0.1,0.0,0.0,0.0,0.0,0.0,0.0,0.0,12.0,0.5,0.0,0.0,0.0,0.0,0.0,0.0,0.0,1.0,1.0,1.0,1.0,1.0,1.0,1.0,0.0,0.0,1.0,1.0,800.0,800.0,1.0,1.0,3.0,3.0,1.0,1.0,0.0,0.0,0.0,-40.0
2022-03-14 11:18:00,0.0,294.0,0.0,293.0,0.0,27.0,0.0,28.0,23.0,30.0,23.0,30.0,150.0,178.0,169.0,190.0,15.0,18.0,17.0,19.0,9.0,0.8,1.0,1.0,1.0,1.0,0.0,0.0,0.0,0.0,0.0,0.0,0.0,1.0,1.0,1100.0,67.0,2.0,270.0,0.1,0.0,0.0,0.0,0.0,0.0,0.0,0.0,12.0,0.5,0.0,0.0,0.0,0.0,0.0,0.0,0.0,1.0,1.0,1.0,1.0,1.0,1.0,1.0,0.0,0.0,1.0,1.0,800.0,800.0,1.0,1.0,3.0,3.0,1.0,1.0,0.0,0.0,0.0,-40.0
2022-03-04 17:32:00,0.0,300.0,0.0,300.0,0.0,30.0,0.0,30.0,23.0,30.0,23.0,30.0,150.0,178.0,169.0,190.0,15.0,18.0,17.0,19.0,9.0,0.8,1.0,1.0,1.0,1.0,0.0,0.0,0.0,0.0,0.0,0.0,0.0,1.0,1.0,1100.0,67.0,2.0,270.0,0.1,0.0,0.0,0.0,0.0,0.0,0.0,0.0,12.0,0.5,0.0,0.0,0.0,0.0,0.0,0.0,0.0,1.0,1.0,1.0,1.0,1.0,1.0,1.0,0.0,0.0,1.0,1.0,800.0,800.0,1.0,1.0,3.0,3.0,1.0,1.0,0.0,0.0,0.0,-40.0
2022-03-04 17:31:00,0.0,303.0,0.0,304.0,0.0,31.0,0.0,29.0,23.0,30.0,23.0,30.0,150.0,178.0,169.0,190.0,15.0,18.0,17.0,19.0,9.0,0.8,1.0,1.0,1.0,1.0,0.0,0.0,0.0,0.0,0.0,0.0,0.0,1.0,1.0,1100.0,67.0,2.0,270.0,0.1,0.0,0.0,0.0,0.0,0.0,0.0,0.0,12.0,0.5,0.0,0.0,0.0,0.0,0.0,0.0,0.0,1.0,1.0,1.0,1.0,1.0,1.0,1.0,0.0,0.0,1.0,1.0,800.0,800.0,1.0,1.0,3.0,3.0,1.0,1.0,0.0,0.0,0.0,-40.0
2022-03-04 17:30:00,0.0,295.0,0.0,294.0,0.0,28.0,0.0,28.0,23.0,30.0,23.0,30.0,150.0,178.0,169.0,190.0,15.0,18.0,17.0,19.0,9.0,0.8,1.0,1.0,1.0,1.0,0.0,0.0,0.0,0.0,0.0,0.0,0.0,1.0,1.0,1100.0,67.0,2.0,270.0,0.1,0.0,0.0,0.0,0.0,0.0,0.0,0.0,12.0,0.5,0.0,0.0,0.0,0.0,0.0,0.0,0.0,1.0,1.0,1.0,1.0,1.0,1.0,1.0,0.0,0.0,1.0,1.0,800.0,800.0,1.0,1.0,3.0,3.0,1.0,1.0,0.0,0.0,0.0,-40.0
2022-03-04 17:29:00,0.0,299.0,0.0,299.0,0.0,30.0,0.0,30.0,23.0,30.0,23.0,30.0,150.0,178.0,169.0,190.0,15.0,18.0,17.0,19.0,9.0,0.8,1.0,1.0,1.0,1.0,0.0,0.0,0.0,0.0,0.0,0.0,0.0,1.0,1.0,1100.0,67.0,2.0,270.0,0.1,0.0,0.0,0.0,0.0,0.0,0.0,0.0,12.0,0.5,0.0,0.0,0.0,0.0,0.0,0.0,0.0,1.0,1.0,1.0,1.0,1.0,1.0,1.0,0.0,0.0,1.0,1.0,800.0,800.0,1.0,1.0,3.0,3.0,1.0,1.0,0.0,0.0,0.0,-40.0
2022-03-04 17:28:00,0.0,303.0,0.0,306.0,0.0,32.0,0.0,32.0,23.0,30.0,23.0,30.0,150.0,178.0,169.0,190.0,15.0,18.0,17.0,19.0,9.0,0.8,1.0,1.0,1.0,1.0,0.0,0.0,0.0,0.0,0.0,0.0,0.0,1.0,1.0,1100.0,67.0,2.0,270.0,0.1,0.0,0.0,0.0,0.0,0.0,0.0,0.0,12.0,0.5,0.0,0.0,0.0,0.0,0.0,0.0,0.0,1.0,1.0,1.0,1.0,1.0,1.0,1.0,0.0,0.0,1.0,1.0,800.0,800.0,1.0,1.0,3.0,3.0,1.0,1.0,0.0,0.0,0.0,-40.0
2022-03-04 17:27:00,0.0,302.0,0.0,302.0,0.0,31.0,0.0,31.0,23.0,30.0,23.0,30.0,150.0,178.0,169.0,190.0,15.0,18.0,17.0,19.0,9.0,0.8,1.0,1.0,1.0,1.0,0.0,0.0,0.0,0.0,0.0,0.0,0.0,1.0,1.0,1100.0,67.0,2.0,270.0,0.1,0.0,0.0,0.0,0.0,0.0,0.0,0.0,12.0,0.5,0.0,0.0,0.0,0.0,0.0,0.0,0.0,1.0,1.0,1.0,1.0,1.0,1.0,1.0,0.0,0.0,1.0,1.0,800.0,800.0,1.0,1.0,3.0,3.0,1.0,1.0,0.0,0.0,0.0,-40.0
2022-03-04 17:26:00,0.0,299.0,0.0,299.0,0.0,30.0,0.0,30.0,23.0,30.0,23.0,30.0,150.0,178.0,169.0,190.0,15.0,18.0,17.0,19.0,9.0,0.8,1.0,1.0,1.0,1.0,0.0,0.0,0.0,0.0,0.0,0.0,0.0,1.0,1.0,1100.0,67.0,2.0,270.0,0.1,0.0,0.0,0.0,0.0,0.0,0.0,0.0,12.0,0.5,0.0,0.0,0.0,0.0,0.0,0.0,0.0,1.0,1.0,1.0,1.0,1.0,1.0,1.0,0.0,0.0,1.0,1.0,800.0,800.0,1.0,1.0,3.0,3.0,1.0,1.0,0.0,0.0,0.0,-40.0
2022-03-04 17:25:00,0.0,299.0,0.0,299.0,0.0,30.0,0.0,30.0,23.0,30.0,23.0,30.0,150.0,178.0,169.0,190.0,15.0,18.0,17.0,19.0,9.0,0.8,1.0,1.0,1.0,1.0,0.0,0.0,0.0,0.0,0.0,0.0,0.0,1.0,1.0,1100.0,67.0,2.0,270.0,0.1,0.0,0.0,0.0,0.0,0.0,0.0,0.0,12.0,0.5,0.0,0.0,0.0,0.0,0.0,0.0,0.0,1.0,1.0,1.0,1.0,1.0,1.0,1.0,0.0,0.0,1.0,1.0,800.0,800.0,1.0,1.0,3.0,3.0,1.0,1.0,0.0,0.0,0.0,-40.0
2022-03-04 17:24:00,0.0,296.0,0.0,295.0,0.0,28.0,0.0,28.0,23.0,30.0,23.0,30.0,150.0,178.0,169.0,190.0,15.0,18.0,17.0,19.0,9.0,0.8,1.0,1.0,1.0,1.0,0.0,0.0,0.0,0.0,0.0,0.0,0.0,1.0,1.0,1100.0,67.0,2.0,270.0,0.1,0.0,0.0,0.0,0.0,0.0,0.0,0.0,12.0,0.5,0.0,0.0,0.0,0.0,0.0,0.0,0.0,1.0,1.0,1.0,1.0,1.0,1.0,1.0,0.0,0.0,1.0,1.0,800.0,800.0,1.0,1.0,3.0,3.0,1.0,1.0,0.0,0.0,0.0,-40.0
2022-03-04 17:23:00,0.0,300.0,0.0,294.0,0.0,28.0,0.0,28.0,23.0,30.0,23.0,30.0,150.0,178.0,169.0,190.0,15.0,18.0,17.0,19.0,9.0,0.8,1.0,1.0,1.0,1.0,0.0,0.0,0.0,0.0,0.0,0.0,0.0,1.0,1.0,1100.0,67.0,2.0,270.0,0.1,0.0,0.0,0.0,0.0,0.0,0.0,0.0,12.0,0.5,0.0,0.0,0.0,0.0,0.0,0.0,0.0,1.0,1.0,1.0,1.0,1.0,1.0,1.0,0.0,0.0,1.0,1.0,800.0,800.0,1.0,1.0,3.0,3.0,1.0,1.0,0.0,0.0,0.0,-40.0
2022-03-04 17:22:00,0.0,301.0,0.0,301.0,0.0,30.0,0.0,30.0,23.0,30.0,23.0,30.0,150.0,178.0,169.0,190.0,15.0,18.0,17.0,19.0,9.0,0.8,1.0,1.0,1.0,1.0,0.0,0.0,0.0,0.0,0.0,0.0,0.0,1.0,1.0,1100.0,67.0,2.0,270.0,0.1,0.0,0.0,0.0,0.0,0.0,0.0,0.0,12.0,0.5,0.0,0.0,0.0,0.0,0.0,0.0,0.0,1.0,1.0,1.0,1.0,1.0,1.0,1.0,0.0,0.0,1.0,1.0,800.0,800.0,1.0,1.0,3.0,3.0,1.0,1.0,0.0,0.0,0.0,-40.0
2022-03-04 17:21:00,0.0,300.0,0.0,299.0,0.0,30.0,0.0,30.0,23.0,30.0,23.0,30.0,150.0,178.0,169.0,190.0,15.0,18.0,17.0,19.0,9.0,0.8,1.0,1.0,1.0,1.0,0.0,0.0,0.0,0.0,0.0,0.0,0.0,1.0,1.0,1100.0,67.0,2.0,270.0,0.1,0.0,0.0,0.0,0.0,0.0,0.0,0.0,12.0,0.5,0.0,0.0,0.0,0.0,0.0,0.0,0.0,1.0,1.0,1.0,1.0,1.0,1.0,1.0,0.0,0.0,1.0,1.0,800.0,800.0,1.0,1.0,3.0,3.0,1.0,1.0,0.0,0.0,0.0,-40.0
2022-03-04 17:20:00,0.0,294.0,0.0,293.0,0.0,27.0,0.0,28.0,23.0,30.0,23.0,30.0,150.0,178.0,169.0,190.0,15.0,18.0,17.0,19.0,9.0,0.8,1.0,1.0,1.0,1.0,0.0,0.0,0.0,0.0,0.0,0.0,0.0,1.0,1.0,1100.0,67.0,2.0,270.0,0.1,0.0,0.0,0.0,0.0,0.0,0.0,0.0,12.0,0.5,0.0,0.0,0.0,0.0,0.0,0.0,0.0,1.0,1.0,1.0,1.0,1.0,1.0,1.0,0.0,0.0,1.0,1.0,800.0,800.0,1.0,1.0,3.0,3.0,1.0,1.0,0.0,0.0,0.0,-40.0
2022-03-04 17:19:00,0.0,301.0,0.0,301.0,0.0,30.0,0.0,30.0,23.0,30.0,23.0,30.0,150.0,178.0,169.0,190.0,15.0,18.0,17.0,19.0,9.0,0.8,1.0,1.0,1.0,1.0,0.0,0.0,0.0,0.0,0.0,0.0,0.0,1.0,1.0,1100.0,67.0,2.0,270.0,0.1,0.0,0.0,0.0,0.0,0.0,0.0,0.0,12.0,0.5,0.0,0.0,0.0,0.0,0.0,0.0,0.0,1.0,1.0,1.0,1.0,1.0,1.0,1.0,0.0,0.0,1.0,1.0,800.0,800.0,1.0,1.0,3.0,3.0,1.0,1.0,0.0,0.0,0.0,-40.0
2022-03-04 17:18:00,0.0,294.0,0.0,293.0,0.0,27.0,0.0,28.0,23.0,30.0,23.0,30.0,150.0,178.0,169.0,190.0,15.0,18.0,17.0,19.0,9.0,0.8,1.0,1.0,1.0,1.0,0.0,0.0,0.0,0.0,0.0,0.0,0.0,1.0,1.0,1100.0,67.0,2.0,270.0,0.1,0.0,0.0,0.0,0.0,0.0,0.0,0.0,12.0,0.5,0.0,0.0,0.0,0.0,0.0,0.0,0.0,1.0,1.0,1.0,1.0,1.0,1.0,1.0,0.0,0.0,1.0,1.0,800.0,800.0,1.0,1.0,3.0,3.0,1.0,1.0,0.0,0.0,0.0,-40.0
2022-03-04 17:17:00,0.0,299.0,0.0,299.0,0.0,30.0,0.0,30.0,23.0,30.0,23.0,30.0,150.0,178.0,169.0,190.0,15.0,18.0,17.0,19.0,9.0,0.8,1.0,1.0,1.0,1.0,0.0,0.0,0.0,0.0,0.0,0.0,0.0,1.0,1.0,1100.0,67.0,2.0,270.0,0.1,0.0,0.0,0.0,0.0,0.0,0.0,0.0,12.0,0.5,0.0,0.0,0.0,0.0,0.0,0.0,0.0,1.0,1.0,1.0,1.0,1.0,1.0,1.0,0.0,0.0,1.0,1.0,800.0,800.0,1.0,1.0,3.0,3.0,1.0,1.0,0.0,0.0,0.0,-40.0
2022-03-04 17:16:00,0.0,304.0,0.0,305.0,0.0,32.0,0.0,29.0,23.0,30.0,23.0,30.0,150.0,178.0,169.0,190.0,15.0,18.0,17.0,19.0,9.0,0.8,1.0,1.0,1.0,1.0,0.0,0.0,0.0,0.0,0.0,0.0,0.0,1.0,1.0,1100.0,67.0,2.0,270.0,0.1,0.0,0.0,0.0,0.0,0.0,0.0,0.0,12.0,0.5,0.0,0.0,0.0,0.0,0.0,0.0,0.0,1.0,1.0,1.0,1.0,1.0,1.0,1.0,0.0,0.0,1.0,1.0,800.0,800.0,1.0,1.0,3.0,3.0,1.0,1.0,0.0,0.0,0.0,-40.0
2022-03-04 17:15:00,0.0,299.0,0.0,306.0,0.0,32.0,0.0,32.0,23.0,30.0,23.0,30.0,150.0,178.0,169.0,190.0,15.0,18.0,17.0,19.0,9.0,0.8,1.0,1.0,1.0,1.0,0.0,0.0,0.0,0.0,0.0,0.0,0.0,1.0,1.0,1100.0,67.0,2.0,270.0,0.1,0.0,0.0,0.0,0.0,0.0,0.0,0.0,12.0,0.5,0.0,0.0,0.0,0.0,0.0,0.0,0.0,1.0,1.0,1.0,1.0,1.0,1.0,1.0,0.0,0.0,1.0,1.0,800.0,800.0,1.0,1.0,3.0,3.0,1.0,1.0,0.0,0.0,0.0,-40.0
2022-03-04 17:14:00,0.0,299.0,0.0,299.0,0.0,30.0,0.0,30.0,23.0,30.0,23.0,30.0,150.0,178.0,169.0,190.0,15.0,18.0,17.0,19.0,9.0,0.8,1.0,1.0,1.0,1.0,0.0,0.0,0.0,0.0,0.0,0.0,0.0,1.0,1.0,1100.0,67.0,2.0,270.0,0.1,0.0,0.0,0.0,0.0,0.0,0.0,0.0,12.0,0.5,0.0,0.0,0.0,0.0,0.0,0.0,0.0,1.0,1.0,1.0,1.0,1.0,1.0,1.0,0.0,0.0,1.0,1.0,800.0,800.0,1.0,1.0,3.0,3.0,1.0,1.0,0.0,0.0,0.0,-40.0
2022-03-04 17:13:00,0.0,305.0,0.0,306.0,0.0,33.0,0.0,32.0,23.0,30.0,23.0,30.0,150.0,178.0,169.0,190.0,15.0,18.0,17.0,19.0,9.0,0.8,1.0,1.0,1.0,1.0,0.0,0.0,0.0,0.0,0.0,0.0,0.0,1.0,1.0,1100.0,67.0,2.0,270.0,0.1,0.0,0.0,0.0,0.0,0.0,0.0,0.0,12.0,0.5,0.0,0.0,0.0,0.0,0.0,0.0,0.0,1.0,1.0,1.0,1.0,1.0,1.0,1.0,0.0,0.0,1.0,1.0,800.0,800.0,1.0,1.0,3.0,3.0,1.0,1.0,0.0,0.0,0.0,-40.0
2022-03-04 17:12:00,0.0,295.0,0.0,293.0,0.0,27.0,0.0,28.0,23.0,30.0,23.0,30.0,150.0,178.0,169.0,190.0,15.0,18.0,17.0,19.0,9.0,0.8,1.0,1.0,1.0,1.0,0.0,0.0,0.0,0.0,0.0,0.0,0.0,1.0,1.0,1100.0,67.0,2.0,270.0,0.1,0.0,0.0,0.0,0.0,0.0,0.0,0.0,12.0,0.5,0.0,0.0,0.0,0.0,0.0,0.0,0.0,1.0,1.0,1.0,1.0,1.0,1.0,1.0,0.0,0.0,1.0,1.0,800.0,800.0,1.0,1.0,3.0,3.0,1.0,1.0,0.0,0.0,0.0,-40.0
2022-03-04 17:11:00,0.0,297.0,0.0,296.0,0.0,29.0,0.0,29.0,23.0,30.0,23.0,30.0,150.0,178.0,169.0,190.0,15.0,18.0,17.0,19.0,9.0,0.8,1.0,1.0,1.0,1.0,0.0,0.0,0.0,0.0,0.0,0.0,0.0,1.0,1.0,1100.0,67.0,2.0,270.0,0.1,0.0,0.0,0.0,0.0,0.0,0.0,0.0,12.0,0.5,0.0,0.0,0.0,0.0,0.0,0.0,0.0,1.0,1.0,1.0,1.0,1.0,1.0,1.0,0.0,0.0,1.0,1.0,800.0,800.0,1.0,1.0,3.0,3.0,1.0,1.0,0.0,0.0,0.0,-40.0
2022-03-04 17:10:00,0.0,305.0,0.0,306.0,0.0,32.0,0.0,32.0,23.0,30.0,23.0,30.0,150.0,178.0,169.0,190.0,15.0,18.0,17.0,19.0,9.0,0.8,1.0,1.0,1.0,1.0,0.0,0.0,0.0,0.0,0.0,0.0,0.0,1.0,1.0,1100.0,67.0,2.0,270.0,0.1,0.0,0.0,0.0,0.0,0.0,0.0,0.0,12.0,0.5,0.0,0.0,0.0,0.0,0.0,0.0,0.0,1.0,1.0,1.0,1.0,1.0,1.0,1.0,0.0,0.0,1.0,1.0,800.0,800.0,1.0,1.0,3.0,3.0,1.0,1.0,0.0,0.0,0.0,-40.0
2022-03-04 17:09:00,0.0,304.0,0.0,305.0,0.0,32.0,0.0,32.0,23.0,30.0,23.0,30.0,150.0,178.0,169.0,190.0,15.0,18.0,17.0,19.0,9.0,0.8,1.0,1.0,1.0,1.0,0.0,0.0,0.0,0.0,0.0,0.0,0.0,1.0,1.0,1100.0,67.0,2.0,270.0,0.1,0.0,0.0,0.0,0.0,0.0,0.0,0.0,12.0,0.5,0.0,0.0,0.0,0.0,0.0,0.0,0.0,1.0,1.0,1.0,1.0,1.0,1.0,1.0,0.0,0.0,1.0,1.0,800.0,800.0,1.0,1.0,3.0,3.0,1.0,1.0,0.0,0.0,0.0,-40.0
2022-03-04 17:08:00,0.0,306.0,0.0,307.0,0.0,33.0,0.0,32.0,23.0,30.0,23.0,30.0,150.0,178.0,169.0,190.0,15.0,18.0,17.0,19.0,9.0,0.8,1.0,1.0,1.0,1.0,0.0,0.0,0.0,0.0,0.0,0.0,0.0,1.0,1.0,1100.0,67.0,2.0,270.0,0.1,0.0,0.0,0.0,0.0,0.0,0.0,0.0,12.0,0.5,0.0,0.0,0.0,0.0,0.0,0.0,0.0,1.0,1.0,1.0,1.0,1.0,1.0,1.0,0.0,0.0,1.0,1.0,800.0,800.0,1.0,1.0,3.0,3.0,1.0,1.0,0.0,0.0,0.0,-40.0
2022-03-04 17:07:00,0.0,304.0,0.0,305.0,0.0,32.0,0.0,32.0,23.0,30.0,23.0,30.0,150.0,178.0,169.0,190.0,15.0,18.0,17.0,19.0,9.0,0.8,1.0,1.0,1.0,1.0,0.0,0.0,0.0,0.0,0.0,0.0,0.0,1.0,1.0,1100.0,67.0,2.0,270.0,0.1,0.0,0.0,0.0,0.0,0.0,0.0,0.0,12.0,0.5,0.0,0.0,0.0,0.0,0.0,0.0,0.0,1.0,1.0,1.0,1.0,1.0,1.0,1.0,0.0,0.0,1.0,1.0,800.0,800.0,1.0,1.0,3.0,3.0,1.0,1.0,0.0,0.0,0.0,-40.0
2022-03-04 17:06:00,0.0,304.0,0.0,305.0,0.0,32.0,0.0,32.0,23.0,30.0,23.0,30.0,150.0,178.0,169.0,190.0,15.0,18.0,17.0,19.0,9.0,0.8,1.0,1.0,1.0,1.0,0.0,0.0,0.0,0.0,0.0,0.0,0.0,1.0,1.0,1100.0,67.0,2.0,270.0,0.1,0.0,0.0,0.0,0.0,0.0,0.0,0.0,12.0,0.5,0.0,0.0,0.0,0.0,0.0,0.0,0.0,1.0,1.0,1.0,1.0,1.0,1.0,1.0,0.0,0.0,1.0,1.0,800.0,800.0,1.0,1.0,3.0,3.0,1.0,1.0,0.0,0.0,0.0,-40.0
2022-03-04 17:05:00,0.0,299.0,0.0,298.0,0.0,29.0,0.0,29.0,23.0,30.0,23.0,30.0,150.0,178.0,169.0,190.0,15.0,18.0,17.0,19.0,9.0,0.8,1.0,1.0,1.0,1.0,0.0,0.0,0.0,0.0,0.0,0.0,0.0,1.0,1.0,1100.0,67.0,2.0,270.0,0.1,0.0,0.0,0.0,0.0,0.0,0.0,0.0,12.0,0.5,0.0,0.0,0.0,0.0,0.0,0.0,0.0,1.0,1.0,1.0,1.0,1.0,1.0,1.0,0.0,0.0,1.0,1.0,800.0,800.0,1.0,1.0,3.0,3.0,1.0,1.0,0.0,0.0,0.0,-40.0
2022-03-04 17:04:00,0.0,295.0,0.0,293.0,0.0,27.0,0.0,28.0,23.0,30.0,23.0,30.0,150.0,178.0,169.0,190.0,15.0,18.0,17.0,19.0,9.0,0.8,1.0,1.0,1.0,1.0,0.0,0.0,0.0,0.0,0.0,0.0,0.0,1.0,1.0,1100.0,67.0,2.0,270.0,0.1,0.0,0.0,0.0,0.0,0.0,0.0,0.0,12.0,0.5,0.0,0.0,0.0,0.0,0.0,0.0,0.0,1.0,1.0,1.0,1.0,1.0,1.0,1.0,0.0,0.0,1.0,1.0,800.0,800.0,1.0,1.0,3.0,3.0,1.0,1.0,0.0,0.0,0.0,-40.0
2022-03-04 17:03:00,0.0,305.0,0.0,307.0,0.0,33.0,0.0,32.0,23.0,30.0,23.0,30.0,150.0,178.0,169.0,190.0,15.0,18.0,17.0,19.0,9.0,0.8,1.0,1.0,1.0,1.0,0.0,0.0,0.0,0.0,0.0,0.0,0.0,1.0,1.0,1100.0,67.0,2.0,270.0,0.1,0.0,0.0,0.0,0.0,0.0,0.0,0.0,12.0,0.5,0.0,0.0,0.0,0.0,0.0,0.0,0.0,1.0,1.0,1.0,1.0,1.0,1.0,1.0,0.0,0.0,1.0,1.0,800.0,800.0,1.0,1.0,3.0,3.0,1.0,1.0,0.0,0.0,0.0,-40.0
2022-03-04 17:02:00,0.0,294.0,0.0,293.0,0.0,27.0,0.0,28.0,23.0,30.0,23.0,30.0,150.0,178.0,169.0,190.0,15.0,18.0,17.0,19.0,9.0,0.8,1.0,1.0,1.0,1.0,0.0,0.0,0.0,0.0,0.0,0.0,0.0,1.0,1.0,1100.0,67.0,2.0,270.0,0.1,0.0,0.0,0.0,0.0,0.0,0.0,0.0,12.0,0.5,0.0,0.0,0.0,0.0,0.0,0.0,0.0,1.0,1.0,1.0,1.0,1.0,1.0,1.0,0.0,0.0,1.0,1.0,800.0,800.0,1.0,1.0,3.0,3.0,1.0,1.0,0.0,0.0,0.0,-40.0
2022-03-04 17:01:00,0.0,301.0,0.0,301.0,0.0,30.0,0.0,30.0,23.0,30.0,23.0,30.0,150.0,178.0,169.0,190.0,15.0,18.0,17.0,19.0,9.0,0.8,1.0,1.0,1.0,1.0,0.0,0.0,0.0,0.0,0.0,0.0,0.0,1.0,1.0,1100.0,67.0,2.0,270.0,0.1,0.0,0.0,0.0,0.0,0.0,0.0,0.0,12.0,0.5,0.0,0.0,0.0,0.0,0.0,0.0,0.0,1.0,1.0,1.0,1.0,1.0,1.0,1.0,0.0,0.0,1.0,1.0,800.0,800.0,1.0,1.0,3.0,3.0,1.0,1.0,0.0,0.0,0.0,-40.0
2022-03-04 17:00:00,0.0,302.0,0.0,303.0,0.0,31.0,0.0,31.0,23.0,30.0,23.0,30.0,150.0,178.0,169.0,190.0,15.0,18.0,17.0,19.0,9.0,0.8,1.0,1.0,1.0,1.0,0.0,0.0,0.0,0.0,0.0,0.0,0.0,1.0,1.0,1100.0,67.0,2.0,270.0,0.1,0.0,0.0,0.0,0.0,0.0,0.0,0.0,12.0,0.5,0.0,0.0,0.0,0.0,0.0,0.0,0.0,1.0,1.0,1.0,1.0,1.0,1.0,1.0,0.0,0.0,1.0,1.0,800.0,800.0,1.0,1.0,3.0,3.0,1.0,1.0,0.0,0.0,0.0,-40.0
2022-03-04 16:59:00,0.0,296.0,0.0,296.0,0.0,28.0,0.0,29.0,23.0,30.0,23.0,30.0,150.0,178.0,169.0,190.0,15.0,18.0,17.0,19.0,9.0,0.8,1.0,1.0,1.0,1.0,0.0,0.0,0.0,0.0,0.0,0.0,0.0,1.0,1.0,1100.0,67.0,2.0,270.0,0.1,0.0,0.0,0.0,0.0,0.0,0.0,0.0,12.0,0.5,0.0,0.0,0.0,0.0,0.0,0.0,0.0,1.0,1.0,1.0,1.0,1.0,1.0,1.0,0.0,0.0,1.0,1.0,800.0,800.0,1.0,1.0,3.0,3.0,1.0,1.0,0.0,0.0,0.0,-40.0
2022-03-04 16:58:00,0.0,296.0,0.0,295.0,0.0,28.0,0.0,28.0,23.0,30.0,23.0,30.0,150.0,178.0,169.0,190.0,15.0,18.0,17.0,19.0,9.0,0.8,1.0,1.0,1.0,1.0,0.0,0.0,0.0,0.0,0.0,0.0,0.0,1.0,1.0,1100.0,67.0,2.0,270.0,0.1,0.0,0.0,0.0,0.0,0.0,0.0,0.0,12.0,0.5,0.0,0.0,0.0,0.0,0.0,0.0,0.0,1.0,1.0,1.0,1.0,1.0,1.0,1.0,0.0,0.0,1.0,1.0,800.0,800.0,1.0,1.0,3.0,3.0,1.0,1.0,0.0,0.0,0.0,-40.0
2022-03-04 16:57:00,0.0,299.0,0.0,299.0,0.0,30.0,0.0,30.0,23.0,30.0,23.0,30.0,150.0,178.0,169.0,190.0,15.0,18.0,17.0,19.0,9.0,0.8,1.0,1.0,1.0,1.0,0.0,0.0,0.0,0.0,0.0,0.0,0.0,1.0,1.0,1100.0,67.0,2.0,270.0,0.1,0.0,0.0,0.0,0.0,0.0,0.0,0.0,12.0,0.5,0.0,0.0,0.0,0.0,0.0,0.0,0.0,1.0,1.0,1.0,1.0,1.0,1.0,1.0,0.0,0.0,1.0,1.0,800.0,800.0,1.0,1.0,3.0,3.0,1.0,1.0,0.0,0.0,0.0,-40.0
2022-03-04 16:56:00,0.0,303.0,0.0,303.0,0.0,31.0,0.0,31.0,23.0,30.0,23.0,30.0,150.0,178.0,169.0,190.0,15.0,18.0,17.0,19.0,9.0,0.8,1.0,1.0,1.0,1.0,0.0,0.0,0.0,0.0,0.0,0.0,0.0,1.0,1.0,1100.0,67.0,2.0,270.0,0.1,0.0,0.0,0.0,0.0,0.0,0.0,0.0,12.0,0.5,0.0,0.0,0.0,0.0,0.0,0.0,0.0,1.0,1.0,1.0,1.0,1.0,1.0,1.0,0.0,0.0,1.0,1.0,800.0,800.0,1.0,1.0,3.0,3.0,1.0,1.0,0.0,0.0,0.0,-40.0
2022-03-04 16:55:00,0.0,303.0,0.0,304.0,0.0,32.0,0.0,31.0,23.0,30.0,23.0,30.0,150.0,178.0,169.0,190.0,15.0,18.0,17.0,19.0,9.0,0.8,1.0,1.0,1.0,1.0,0.0,0.0,0.0,0.0,0.0,0.0,0.0,1.0,1.0,1100.0,67.0,2.0,270.0,0.1,0.0,0.0,0.0,0.0,0.0,0.0,0.0,12.0,0.5,0.0,0.0,0.0,0.0,0.0,0.0,0.0,1.0,1.0,1.0,1.0,1.0,1.0,1.0,0.0,0.0,1.0,1.0,800.0,800.0,1.0,1.0,3.0,3.0,1.0,1.0,0.0,0.0,0.0,-40.0
2022-03-04 16:54:00,0.0,296.0,0.0,295.0,0.0,28.0,0.0,28.0,23.0,30.0,23.0,30.0,150.0,178.0,169.0,190.0,15.0,18.0,17.0,19.0,9.0,0.8,1.0,1.0,1.0,1.0,0.0,0.0,0.0,0.0,0.0,0.0,0.0,1.0,1.0,1100.0,67.0,2.0,270.0,0.1,0.0,0.0,0.0,0.0,0.0,0.0,0.0,12.0,0.5,0.0,0.0,0.0,0.0,0.0,0.0,0.0,1.0,1.0,1.0,1.0,1.0,1.0,1.0,0.0,0.0,1.0,1.0,800.0,800.0,1.0,1.0,3.0,3.0,1.0,1.0,0.0,0.0,0.0,-40.0
2022-03-04 16:53:00,0.0,303.0,0.0,299.0,0.0,30.0,0.0,30.0,23.0,30.0,23.0,30.0,150.0,178.0,169.0,190.0,15.0,18.0,17.0,19.0,9.0,0.8,1.0,1.0,1.0,1.0,0.0,0.0,0.0,0.0,0.0,0.0,0.0,1.0,1.0,1100.0,67.0,2.0,270.0,0.1,0.0,0.0,0.0,0.0,0.0,0.0,0.0,12.0,0.5,0.0,0.0,0.0,0.0,0.0,0.0,0.0,1.0,1.0,1.0,1.0,1.0,1.0,1.0,0.0,0.0,1.0,1.0,800.0,800.0,1.0,1.0,3.0,3.0,1.0,1.0,0.0,0.0,0.0,-40.0
2022-03-04 16:52:00,0.0,297.0,0.0,296.0,0.0,28.0,0.0,31.0,23.0,30.0,23.0,30.0,150.0,178.0,169.0,190.0,15.0,18.0,17.0,19.0,9.0,0.8,1.0,1.0,1.0,1.0,0.0,0.0,0.0,0.0,0.0,0.0,0.0,1.0,1.0,1100.0,67.0,2.0,270.0,0.1,0.0,0.0,0.0,0.0,0.0,0.0,0.0,12.0,0.5,0.0,0.0,0.0,0.0,0.0,0.0,0.0,1.0,1.0,1.0,1.0,1.0,1.0,1.0,0.0,0.0,1.0,1.0,800.0,800.0,1.0,1.0,3.0,3.0,1.0,1.0,0.0,0.0,0.0,-40.0
2022-03-04 16:51:00,0.0,296.0,0.0,295.0,0.0,28.0,0.0,28.0,23.0,30.0,23.0,30.0,150.0,178.0,169.0,190.0,15.0,18.0,17.0,19.0,9.0,0.8,1.0,1.0,1.0,1.0,0.0,0.0,0.0,0.0,0.0,0.0,0.0,1.0,1.0,1100.0,67.0,2.0,270.0,0.1,0.0,0.0,0.0,0.0,0.0,0.0,0.0,12.0,0.5,0.0,0.0,0.0,0.0,0.0,0.0,0.0,1.0,1.0,1.0,1.0,1.0,1.0,1.0,0.0,0.0,1.0,1.0,800.0,800.0,1.0,1.0,3.0,3.0,1.0,1.0,0.0,0.0,0.0,-40.0
2022-03-04 16:50:00,0.0,305.0,0.0,306.0,0.0,32.0,0.0,32.0,23.0,30.0,23.0,30.0,150.0,178.0,169.0,190.0,15.0,18.0,17.0,19.0,9.0,0.8,1.0,1.0,1.0,1.0,0.0,0.0,0.0,0.0,0.0,0.0,0.0,1.0,1.0,1100.0,67.0,2.0,270.0,0.1,0.0,0.0,0.0,0.0,0.0,0.0,0.0,12.0,0.5,0.0,0.0,0.0,0.0,0.0,0.0,0.0,1.0,1.0,1.0,1.0,1.0,1.0,1.0,0.0,0.0,1.0,1.0,800.0,800.0,1.0,1.0,3.0,3.0,1.0,1.0,0.0,0.0,0.0,-40.0
2022-03-04 16:49:00,0.0,304.0,0.0,305.0,0.0,32.0,0.0,32.0,23.0,30.0,23.0,30.0,150.0,178.0,169.0,190.0,15.0,18.0,17.0,19.0,9.0,0.8,1.0,1.0,1.0,1.0,0.0,0.0,0.0,0.0,0.0,0.0,0.0,1.0,1.0,1100.0,67.0,2.0,270.0,0.1,0.0,0.0,0.0,0.0,0.0,0.0,0.0,12.0,0.5,0.0,0.0,0.0,0.0,0.0,0.0,0.0,1.0,1.0,1.0,1.0,1.0,1.0,1.0,0.0,0.0,1.0,1.0,800.0,800.0,1.0,1.0,3.0,3.0,1.0,1.0,0.0,0.0,0.0,-40.0
2022-03-04 16:48:00,0.0,296.0,0.0,295.0,0.0,28.0,0.0,28.0,23.0,30.0,23.0,30.0,150.0,178.0,169.0,190.0,15.0,18.0,17.0,19.0,9.0,0.8,1.0,1.0,1.0,1.0,0.0,0.0,0.0,0.0,0.0,0.0,0.0,1.0,1.0,1100.0,67.0,2.0,270.0,0.1,0.0,0.0,0.0,0.0,0.0,0.0,0.0,12.0,0.5,0.0,0.0,0.0,0.0,0.0,0.0,0.0,1.0,1.0,1.0,1.0,1.0,1.0,1.0,0.0,0.0,1.0,1.0,800.0,800.0,1.0,1.0,3.0,3.0,1.0,1.0,0.0,0.0,0.0,-40.0
2022-03-04 16:47:00,0.0,295.0,0.0,294.0,0.0,27.0,0.0,28.0,23.0,30.0,23.0,30.0,150.0,178.0,169.0,190.0,15.0,18.0,17.0,19.0,9.0,0.8,1.0,1.0,1.0,1.0,0.0,0.0,0.0,0.0,0.0,0.0,0.0,1.0,1.0,1100.0,67.0,2.0,270.0,0.1,0.0,0.0,0.0,0.0,0.0,0.0,0.0,12.0,0.5,0.0,0.0,0.0,0.0,0.0,0.0,0.0,1.0,1.0,1.0,1.0,1.0,1.0,1.0,0.0,0.0,1.0,1.0,800.0,800.0,1.0,1.0,3.0,3.0,1.0,1.0,0.0,0.0,0.0,-40.0
2022-03-04 16:46:00,0.0,304.0,0.0,305.0,0.0,32.0,0.0,32.0,23.0,30.0,23.0,30.0,150.0,178.0,169.0,190.0,15.0,18.0,17.0,19.0,9.0,0.8,1.0,1.0,1.0,1.0,0.0,0.0,0.0,0.0,0.0,0.0,0.0,1.0,1.0,1100.0,67.0,2.0,270.0,0.1,0.0,0.0,0.0,0.0,0.0,0.0,0.0,12.0,0.5,0.0,0.0,0.0,0.0,0.0,0.0,0.0,1.0,1.0,1.0,1.0,1.0,1.0,1.0,0.0,0.0,1.0,1.0,800.0,800.0,1.0,1.0,3.0,3.0,1.0,1.0,0.0,0.0,0.0,-40.0
2022-03-04 16:45:00,0.0,304.0,0.0,306.0,0.0,32.0,0.0,32.0,23.0,30.0,23.0,30.0,150.0,178.0,169.0,190.0,15.0,18.0,17.0,19.0,9.0,0.8,1.0,1.0,1.0,1.0,0.0,0.0,0.0,0.0,0.0,0.0,0.0,1.0,1.0,1100.0,67.0,2.0,270.0,0.1,0.0,0.0,0.0,0.0,0.0,0.0,0.0,12.0,0.5,0.0,0.0,0.0,0.0,0.0,0.0,0.0,1.0,1.0,1.0,1.0,1.0,1.0,1.0,0.0,0.0,1.0,1.0,800.0,800.0,1.0,1.0,3.0,3.0,1.0,1.0,0.0,0.0,0.0,-40.0
2022-03-04 16:44:00,0.0,296.0,0.0,295.0,0.0,28.0,0.0,28.0,23.0,30.0,23.0,30.0,150.0,178.0,169.0,190.0,15.0,18.0,17.0,19.0,9.0,0.8,1.0,1.0,1.0,1.0,0.0,0.0,0.0,0.0,0.0,0.0,0.0,1.0,1.0,1100.0,67.0,2.0,270.0,0.1,0.0,0.0,0.0,0.0,0.0,0.0,0.0,12.0,0.5,0.0,0.0,0.0,0.0,0.0,0.0,0.0,1.0,1.0,1.0,1.0,1.0,1.0,1.0,0.0,0.0,1.0,1.0,800.0,800.0,1.0,1.0,3.0,3.0,1.0,1.0,0.0,0.0,0.0,-40.0
2022-03-04 16:43:00,0.0,301.0,0.0,301.0,0.0,30.0,0.0,30.0,23.0,30.0,23.0,30.0,150.0,178.0,169.0,190.0,15.0,18.0,17.0,19.0,9.0,0.8,1.0,1.0,1.0,1.0,0.0,0.0,0.0,0.0,0.0,0.0,0.0,1.0,1.0,1100.0,67.0,2.0,270.0,0.1,0.0,0.0,0.0,0.0,0.0,0.0,0.0,12.0,0.5,0.0,0.0,0.0,0.0,0.0,0.0,0.0,1.0,1.0,1.0,1.0,1.0,1.0,1.0,0.0,0.0,1.0,1.0,800.0,800.0,1.0,1.0,3.0,3.0,1.0,1.0,0.0,0.0,0.0,-40.0
2022-03-04 16:42:00,0.0,300.0,0.0,300.0,0.0,30.0,0.0,30.0,23.0,30.0,23.0,30.0,150.0,178.0,169.0,190.0,15.0,18.0,17.0,19.0,9.0,0.8,1.0,1.0,1.0,1.0,0.0,0.0,0.0,0.0,0.0,0.0,0.0,1.0,1.0,1100.0,67.0,2.0,270.0,0.1,0.0,0.0,0.0,0.0,0.0,0.0,0.0,12.0,0.5,0.0,0.0,0.0,0.0,0.0,0.0,0.0,1.0,1.0,1.0,1.0,1.0,1.0,1.0,0.0,0.0,1.0,1.0,800.0,800.0,1.0,1.0,3.0,3.0,1.0,1.0,0.0,0.0,0.0,-40.0
2022-03-04 16:41:00,0.0,300.0,0.0,300.0,0.0,30.0,0.0,30.0,23.0,30.0,23.0,30.0,150.0,178.0,169.0,190.0,15.0,18.0,17.0,19.0,9.0,0.8,1.0,1.0,1.0,1.0,0.0,0.0,0.0,0.0,0.0,0.0,0.0,1.0,1.0,1100.0,67.0,2.0,270.0,0.1,0.0,0.0,0.0,0.0,0.0,0.0,0.0,12.0,0.5,0.0,0.0,0.0,0.0,0.0,0.0,0.0,1.0,1.0,1.0,1.0,1.0,1.0,1.0,0.0,0.0,1.0,1.0,800.0,800.0,1.0,1.0,3.0,3.0,1.0,1.0,0.0,0.0,0.0,-40.0
2022-03-04 16:40:00,0.0,295.0,0.0,293.0,0.0,27.0,0.0,28.0,23.0,30.0,23.0,30.0,150.0,178.0,169.0,190.0,15.0,18.0,17.0,19.0,9.0,0.8,1.0,1.0,1.0,1.0,0.0,0.0,0.0,0.0,0.0,0.0,0.0,1.0,1.0,1100.0,67.0,2.0,270.0,0.1,0.0,0.0,0.0,0.0,0.0,0.0,0.0,12.0,0.5,0.0,0.0,0.0,0.0,0.0,0.0,0.0,1.0,1.0,1.0,1.0,1.0,1.0,1.0,0.0,0.0,1.0,1.0,800.0,800.0,1.0,1.0,3.0,3.0,1.0,1.0,0.0,0.0,0.0,-40.0
2022-03-04 16:39:00,0.0,305.0,0.0,306.0,0.0,32.0,0.0,32.0,23.0,30.0,23.0,30.0,150.0,178.0,169.0,190.0,15.0,18.0,17.0,19.0,9.0,0.8,1.0,1.0,1.0,1.0,0.0,0.0,0.0,0.0,0.0,0.0,0.0,1.0,1.0,1100.0,67.0,2.0,270.0,0.1,0.0,0.0,0.0,0.0,0.0,0.0,0.0,12.0,0.5,0.0,0.0,0.0,0.0,0.0,0.0,0.0,1.0,1.0,1.0,1.0,1.0,1.0,1.0,0.0,0.0,1.0,1.0,800.0,800.0,1.0,1.0,3.0,3.0,1.0,1.0,0.0,0.0,0.0,-40.0
2022-03-04 16:38:00,0.0,301.0,0.0,301.0,0.0,32.0,0.0,31.0,23.0,30.0,23.0,30.0,150.0,178.0,169.0,190.0,15.0,18.0,17.0,19.0,9.0,0.8,1.0,1.0,1.0,1.0,0.0,0.0,0.0,0.0,0.0,0.0,0.0,1.0,1.0,1100.0,67.0,2.0,270.0,0.1,0.0,0.0,0.0,0.0,0.0,0.0,0.0,12.0,0.5,0.0,0.0,0.0,0.0,0.0,0.0,0.0,1.0,1.0,1.0,1.0,1.0,1.0,1.0,0.0,0.0,1.0,1.0,800.0,800.0,1.0,1.0,3.0,3.0,1.0,1.0,0.0,0.0,0.0,-40.0
2022-03-04 16:37:00,0.0,296.0,0.0,295.0,0.0,28.0,0.0,28.0,23.0,30.0,23.0,30.0,150.0,178.0,169.0,190.0,15.0,18.0,17.0,19.0,9.0,0.8,1.0,1.0,1.0,1.0,0.0,0.0,0.0,0.0,0.0,0.0,0.0,1.0,1.0,1100.0,67.0,2.0,270.0,0.1,0.0,0.0,0.0,0.0,0.0,0.0,0.0,12.0,0.5,0.0,0.0,0.0,0.0,0.0,0.0,0.0,1.0,1.0,1.0,1.0,1.0,1.0,1.0,0.0,0.0,1.0,1.0,800.0,800.0,1.0,1.0,3.0,3.0,1.0,1.0,0.0,0.0,0.0,-40.0
2022-03-04 16:36:00,0.0,300.0,0.0,300.0,0.0,30.0,0.0,30.0,23.0,30.0,23.0,30.0,150.0,178.0,169.0,190.0,15.0,18.0,17.0,19.0,9.0,0.8,1.0,1.0,1.0,1.0,0.0,0.0,0.0,0.0,0.0,0.0,0.0,1.0,1.0,1100.0,67.0,2.0,270.0,0.1,0.0,0.0,0.0,0.0,0.0,0.0,0.0,12.0,0.5,0.0,0.0,0.0,0.0,0.0,0.0,0.0,1.0,1.0,1.0,1.0,1.0,1.0,1.0,0.0,0.0,1.0,1.0,800.0,800.0,1.0,1.0,3.0,3.0,1.0,1.0,0.0,0.0,0.0,-40.0
2022-03-04 16:35:00,0.0,303.0,0.0,303.0,0.0,31.0,0.0,31.0,23.0,30.0,23.0,30.0,150.0,178.0,169.0,190.0,15.0,18.0,17.0,19.0,9.0,0.8,1.0,1.0,1.0,1.0,0.0,0.0,0.0,0.0,0.0,0.0,0.0,1.0,1.0,1100.0,67.0,2.0,270.0,0.1,0.0,0.0,0.0,0.0,0.0,0.0,0.0,12.0,0.5,0.0,0.0,0.0,0.0,0.0,0.0,0.0,1.0,1.0,1.0,1.0,1.0,1.0,1.0,0.0,0.0,1.0,1.0,800.0,800.0,1.0,1.0,3.0,3.0,1.0,1.0,0.0,0.0,0.0,-40.0
2022-03-04 16:34:00,0.0,306.0,0.0,307.0,0.0,33.0,0.0,32.0,23.0,30.0,23.0,30.0,150.0,178.0,169.0,190.0,15.0,18.0,17.0,19.0,9.0,0.8,1.0,1.0,1.0,1.0,0.0,0.0,0.0,0.0,0.0,0.0,0.0,1.0,1.0,1100.0,67.0,2.0,270.0,0.1,0.0,0.0,0.0,0.0,0.0,0.0,0.0,12.0,0.5,0.0,0.0,0.0,0.0,0.0,0.0,0.0,1.0,1.0,1.0,1.0,1.0,1.0,1.0,0.0,0.0,1.0,1.0,800.0,800.0,1.0,1.0,3.0,3.0,1.0,1.0,0.0,0.0,0.0,-40.0
2022-03-03 12:18:00,0.0,295.0,0.0,298.0,0.0,29.0,0.0,29.0,23.0,30.0,23.0,30.0,150.0,178.0,169.0,190.0,15.0,18.0,17.0,19.0,9.0,0.8,1.0,1.0,1.0,1.0,0.0,0.0,0.0,0.0,0.0,0.0,0.0,1.0,1.0,1100.0,67.0,2.0,270.0,0.1,0.0,0.0,0.0,0.0,0.0,0.0,0.0,12.0,0.5,0.0,0.0,0.0,0.0,0.0,0.0,0.0,1.0,1.0,1.0,1.0,1.0,1.0,1.0,0.0,0.0,1.0,1.0,800.0,800.0,1.0,1.0,3.0,3.0,1.0,1.0,0.0,0.0,0.0,-40.0
2022-03-03 12:17:00,0.0,300.0,0.0,300.0,0.0,30.0,0.0,30.0,23.0,30.0,23.0,30.0,150.0,178.0,169.0,190.0,15.0,18.0,17.0,19.0,9.0,0.8,1.0,1.0,1.0,1.0,0.0,0.0,0.0,0.0,0.0,0.0,0.0,1.0,1.0,1100.0,67.0,2.0,270.0,0.1,0.0,0.0,0.0,0.0,0.0,0.0,0.0,12.0,0.5,0.0,0.0,0.0,0.0,0.0,0.0,0.0,1.0,1.0,1.0,1.0,1.0,1.0,1.0,0.0,0.0,1.0,1.0,800.0,800.0,1.0,1.0,3.0,3.0,1.0,1.0,0.0,0.0,0.0,-40.0
2022-03-03 12:16:00,0.0,298.0,0.0,298.0,0.0,29.0,0.0,29.0,23.0,30.0,23.0,30.0,150.0,178.0,169.0,190.0,15.0,18.0,17.0,19.0,9.0,0.8,1.0,1.0,1.0,1.0,0.0,0.0,0.0,0.0,0.0,0.0,0.0,1.0,1.0,1100.0,67.0,2.0,270.0,0.1,0.0,0.0,0.0,0.0,0.0,0.0,0.0,12.0,0.5,0.0,0.0,0.0,0.0,0.0,0.0,0.0,1.0,1.0,1.0,1.0,1.0,1.0,1.0,0.0,0.0,1.0,1.0,800.0,800.0,1.0,1.0,3.0,3.0,1.0,1.0,0.0,0.0,0.0,-40.0
2022-03-03 12:15:00,0.0,302.0,0.0,302.0,0.0,31.0,0.0,31.0,23.0,30.0,23.0,30.0,150.0,178.0,169.0,190.0,15.0,18.0,17.0,19.0,9.0,0.8,1.0,1.0,1.0,1.0,0.0,0.0,0.0,0.0,0.0,0.0,0.0,1.0,1.0,1100.0,67.0,2.0,270.0,0.1,0.0,0.0,0.0,0.0,0.0,0.0,0.0,12.0,0.5,0.0,0.0,0.0,0.0,0.0,0.0,0.0,1.0,1.0,1.0,1.0,1.0,1.0,1.0,0.0,0.0,1.0,1.0,800.0,800.0,1.0,1.0,3.0,3.0,1.0,1.0,0.0,0.0,0.0,-40.0
2022-03-03 12:14:00,0.0,297.0,0.0,296.0,0.0,28.0,0.0,32.0,23.0,30.0,23.0,30.0,150.0,178.0,169.0,190.0,15.0,18.0,17.0,19.0,9.0,0.8,1.0,1.0,1.0,1.0,0.0,0.0,0.0,0.0,0.0,0.0,0.0,1.0,1.0,1100.0,67.0,2.0,270.0,0.1,0.0,0.0,0.0,0.0,0.0,0.0,0.0,12.0,0.5,0.0,0.0,0.0,0.0,0.0,0.0,0.0,1.0,1.0,1.0,1.0,1.0,1.0,1.0,0.0,0.0,1.0,1.0,800.0,800.0,1.0,1.0,3.0,3.0,1.0,1.0,0.0,0.0,0.0,-40.0
2022-03-03 12:13:00,0.0,302.0,0.0,302.0,0.0,31.0,0.0,31.0,23.0,30.0,23.0,30.0,150.0,178.0,169.0,190.0,15.0,18.0,17.0,19.0,9.0,0.8,1.0,1.0,1.0,1.0,0.0,0.0,0.0,0.0,0.0,0.0,0.0,1.0,1.0,1100.0,67.0,2.0,270.0,0.1,0.0,0.0,0.0,0.0,0.0,0.0,0.0,12.0,0.5,0.0,0.0,0.0,0.0,0.0,0.0,0.0,1.0,1.0,1.0,1.0,1.0,1.0,1.0,0.0,0.0,1.0,1.0,800.0,800.0,1.0,1.0,3.0,3.0,1.0,1.0,0.0,0.0,0.0,-40.0
2022-03-03 12:12:00,0.0,298.0,0.0,298.0,0.0,29.0,0.0,29.0,23.0,30.0,23.0,30.0,150.0,178.0,169.0,190.0,15.0,18.0,17.0,19.0,9.0,0.8,1.0,1.0,1.0,1.0,0.0,0.0,0.0,0.0,0.0,0.0,0.0,1.0,1.0,1100.0,67.0,2.0,270.0,0.1,0.0,0.0,0.0,0.0,0.0,0.0,0.0,12.0,0.5,0.0,0.0,0.0,0.0,0.0,0.0,0.0,1.0,1.0,1.0,1.0,1.0,1.0,1.0,0.0,0.0,1.0,1.0,800.0,800.0,1.0,1.0,3.0,3.0,1.0,1.0,0.0,0.0,0.0,-40.0
2022-03-03 12:10:00,0.0,299.0,0.0,299.0,0.0,30.0,0.0,30.0,23.0,30.0,23.0,30.0,150.0,178.0,169.0,190.0,15.0,18.0,17.0,19.0,9.0,0.8,1.0,1.0,1.0,1.0,0.0,0.0,0.0,0.0,0.0,0.0,0.0,1.0,1.0,1100.0,67.0,2.0,270.0,0.1,0.0,0.0,0.0,0.0,0.0,0.0,0.0,12.0,0.5,0.0,0.0,0.0,0.0,0.0,0.0,0.0,1.0,1.0,1.0,1.0,1.0,1.0,1.0,0.0,0.0,1.0,1.0,800.0,800.0,1.0,1.0,3.0,3.0,1.0,1.0,0.0,0.0,0.0,-40.0
2022-03-03 12:09:00,0.0,304.0,0.0,305.0,0.0,32.0,0.0,32.0,23.0,30.0,23.0,30.0,150.0,178.0,169.0,190.0,15.0,18.0,17.0,19.0,9.0,0.8,1.0,1.0,1.0,1.0,0.0,0.0,0.0,0.0,0.0,0.0,0.0,1.0,1.0,1100.0,67.0,2.0,270.0,0.1,0.0,0.0,0.0,0.0,0.0,0.0,0.0,12.0,0.5,0.0,0.0,0.0,0.0,0.0,0.0,0.0,1.0,1.0,1.0,1.0,1.0,1.0,1.0,0.0,0.0,1.0,1.0,800.0,800.0,1.0,1.0,3.0,3.0,1.0,1.0,0.0,0.0,0.0,-40.0
2022-03-03 12:08:00,0.0,294.0,0.0,293.0,0.0,27.0,0.0,28.0,23.0,30.0,23.0,30.0,150.0,178.0,169.0,190.0,15.0,18.0,17.0,19.0,9.0,0.8,1.0,1.0,1.0,1.0,0.0,0.0,0.0,0.0,0.0,0.0,0.0,1.0,1.0,1100.0,67.0,2.0,270.0,0.1,0.0,0.0,0.0,0.0,0.0,0.0,0.0,12.0,0.5,0.0,0.0,0.0,0.0,0.0,0.0,0.0,1.0,1.0,1.0,1.0,1.0,1.0,1.0,0.0,0.0,1.0,1.0,800.0,800.0,1.0,1.0,3.0,3.0,1.0,1.0,0.0,0.0,0.0,-40.0
2022-03-03 12:07:00,0.0,298.0,0.0,302.0,0.0,31.0,0.0,31.0,23.0,30.0,23.0,30.0,150.0,178.0,169.0,190.0,15.0,18.0,17.0,19.0,9.0,0.8,1.0,1.0,1.0,1.0,0.0,0.0,0.0,0.0,0.0,0.0,0.0,1.0,1.0,1100.0,67.0,2.0,270.0,0.1,0.0,0.0,0.0,0.0,0.0,0.0,0.0,12.0,0.5,0.0,0.0,0.0,0.0,0.0,0.0,0.0,1.0,1.0,1.0,1.0,1.0,1.0,1.0,0.0,0.0,1.0,1.0,800.0,800.0,1.0,1.0,3.0,3.0,1.0,1.0,0.0,0.0,0.0,-40.0
2022-03-03 12:06:00,0.0,298.0,0.0,298.0,0.0,29.0,0.0,29.0,23.0,30.0,23.0,30.0,150.0,178.0,169.0,190.0,15.0,18.0,17.0,19.0,9.0,0.8,1.0,1.0,1.0,1.0,0.0,0.0,0.0,0.0,0.0,0.0,0.0,1.0,1.0,1100.0,67.0,2.0,270.0,0.1,0.0,0.0,0.0,0.0,0.0,0.0,0.0,12.0,0.5,0.0,0.0,0.0,0.0,0.0,0.0,0.0,1.0,1.0,1.0,1.0,1.0,1.0,1.0,0.0,0.0,1.0,1.0,800.0,800.0,1.0,1.0,3.0,3.0,1.0,1.0,0.0,0.0,0.0,-40.0
2022-03-03 12:05:00,0.0,306.0,0.0,307.0,0.0,31.0,0.0,31.0,23.0,30.0,23.0,30.0,150.0,178.0,169.0,190.0,15.0,18.0,17.0,19.0,9.0,0.8,1.0,1.0,1.0,1.0,0.0,0.0,0.0,0.0,0.0,0.0,0.0,1.0,1.0,1100.0,67.0,2.0,270.0,0.1,0.0,0.0,0.0,0.0,0.0,0.0,0.0,12.0,0.5,0.0,0.0,0.0,0.0,0.0,0.0,0.0,1.0,1.0,1.0,1.0,1.0,1.0,1.0,0.0,0.0,1.0,1.0,800.0,800.0,1.0,1.0,3.0,3.0,1.0,1.0,0.0,0.0,0.0,-40.0
2022-03-03 12:04:00,0.0,302.0,0.0,293.0,0.0,27.0,0.0,28.0,23.0,30.0,23.0,30.0,150.0,178.0,169.0,190.0,15.0,18.0,17.0,19.0,9.0,0.8,1.0,1.0,1.0,1.0,0.0,0.0,0.0,0.0,0.0,0.0,0.0,1.0,1.0,1100.0,67.0,2.0,270.0,0.1,0.0,0.0,0.0,0.0,0.0,0.0,0.0,12.0,0.5,0.0,0.0,0.0,0.0,0.0,0.0,0.0,1.0,1.0,1.0,1.0,1.0,1.0,1.0,0.0,0.0,1.0,1.0,800.0,800.0,1.0,1.0,3.0,3.0,1.0,1.0,0.0,0.0,0.0,-40.0
2022-03-03 12:03:00,0.0,302.0,0.0,303.0,0.0,32.0,0.0,32.0,23.0,30.0,23.0,30.0,150.0,178.0,169.0,190.0,15.0,18.0,17.0,19.0,9.0,0.8,1.0,1.0,1.0,1.0,0.0,0.0,0.0,0.0,0.0,0.0,0.0,1.0,1.0,1100.0,67.0,2.0,270.0,0.1,0.0,0.0,0.0,0.0,0.0,0.0,0.0,12.0,0.5,0.0,0.0,0.0,0.0,0.0,0.0,0.0,1.0,1.0,1.0,1.0,1.0,1.0,1.0,0.0,0.0,1.0,1.0,800.0,800.0,1.0,1.0,3.0,3.0,1.0,1.0,0.0,0.0,0.0,-40.0
2022-03-03 12:02:00,0.0,305.0,0.0,306.0,0.0,32.0,0.0,31.0,23.0,30.0,23.0,30.0,150.0,178.0,169.0,190.0,15.0,18.0,17.0,19.0,9.0,0.8,1.0,1.0,1.0,1.0,0.0,0.0,0.0,0.0,0.0,0.0,0.0,1.0,1.0,1100.0,67.0,2.0,270.0,0.1,0.0,0.0,0.0,0.0,0.0,0.0,0.0,12.0,0.5,0.0,0.0,0.0,0.0,0.0,0.0,0.0,1.0,1.0,1.0,1.0,1.0,1.0,1.0,0.0,0.0,1.0,1.0,800.0,800.0,1.0,1.0,3.0,3.0,1.0,1.0,0.0,0.0,0.0,-40.0
2022-03-03 12:01:00,0.0,301.0,0.0,301.0,0.0,31.0,0.0,30.0,23.0,30.0,23.0,30.0,150.0,178.0,169.0,190.0,15.0,18.0,17.0,19.0,9.0,0.8,1.0,1.0,1.0,1.0,0.0,0.0,0.0,0.0,0.0,0.0,0.0,1.0,1.0,1100.0,67.0,2.0,270.0,0.1,0.0,0.0,0.0,0.0,0.0,0.0,0.0,12.0,0.5,0.0,0.0,0.0,0.0,0.0,0.0,0.0,1.0,1.0,1.0,1.0,1.0,1.0,1.0,0.0,0.0,1.0,1.0,800.0,800.0,1.0,1.0,3.0,3.0,1.0,1.0,0.0,0.0,0.0,-40.0
2022-03-03 12:00:00,0.0,299.0,0.0,299.0,0.0,30.0,0.0,30.0,23.0,30.0,23.0,30.0,150.0,178.0,169.0,190.0,15.0,18.0,17.0,19.0,9.0,0.8,1.0,1.0,1.0,1.0,0.0,0.0,0.0,0.0,0.0,0.0,0.0,1.0,1.0,1100.0,67.0,2.0,270.0,0.1,0.0,0.0,0.0,0.0,0.0,0.0,0.0,12.0,0.5,0.0,0.0,0.0,0.0,0.0,0.0,0.0,1.0,1.0,1.0,1.0,1.0,1.0,1.0,0.0,0.0,1.0,1.0,800.0,800.0,1.0,1.0,3.0,3.0,1.0,1.0,0.0,0.0,0.0,-40.0
2022-03-03 11:59:00,0.0,305.0,0.0,306.0,0.0,28.0,0.0,28.0,23.0,30.0,23.0,30.0,150.0,178.0,169.0,190.0,15.0,18.0,17.0,19.0,9.0,0.8,1.0,1.0,1.0,1.0,0.0,0.0,0.0,0.0,0.0,0.0,0.0,1.0,1.0,1100.0,67.0,2.0,270.0,0.1,0.0,0.0,0.0,0.0,0.0,0.0,0.0,12.0,0.5,0.0,0.0,0.0,0.0,0.0,0.0,0.0,1.0,1.0,1.0,1.0,1.0,1.0,1.0,0.0,0.0,1.0,1.0,800.0,800.0,1.0,1.0,3.0,3.0,1.0,1.0,0.0,0.0,0.0,-40.0
2022-03-03 11:58:00,0.0,296.0,0.0,295.0,0.0,28.0,0.0,31.0,23.0,30.0,23.0,30.0,150.0,178.0,169.0,190.0,15.0,18.0,17.0,19.0,9.0,0.8,1.0,1.0,1.0,1.0,0.0,0.0,0.0,0.0,0.0,0.0,0.0,1.0,1.0,1100.0,67.0,2.0,270.0,0.1,0.0,0.0,0.0,0.0,0.0,0.0,0.0,12.0,0.5,0.0,0.0,0.0,0.0,0.0,0.0,0.0,1.0,1.0,1.0,1.0,1.0,1.0,1.0,0.0,0.0,1.0,1.0,800.0,800.0,1.0,1.0,3.0,3.0,1.0,1.0,0.0,0.0,0.0,-40.0
2022-03-03 11:57:00,0.0,301.0,0.0,301.0,0.0,30.0,0.0,30.0,23.0,30.0,23.0,30.0,150.0,178.0,169.0,190.0,15.0,18.0,17.0,19.0,9.0,0.8,1.0,1.0,1.0,1.0,0.0,0.0,0.0,0.0,0.0,0.0,0.0,1.0,1.0,1100.0,67.0,2.0,270.0,0.1,0.0,0.0,0.0,0.0,0.0,0.0,0.0,12.0,0.5,0.0,0.0,0.0,0.0,0.0,0.0,0.0,1.0,1.0,1.0,1.0,1.0,1.0,1.0,0.0,0.0,1.0,1.0,800.0,800.0,1.0,1.0,3.0,3.0,1.0,1.0,0.0,0.0,0.0,-40.0
2022-03-03 11:56:00,0.0,299.0,0.0,299.0,0.0,30.0,0.0,30.0,23.0,30.0,23.0,30.0,150.0,178.0,169.0,190.0,15.0,18.0,17.0,19.0,9.0,0.8,1.0,1.0,1.0,1.0,0.0,0.0,0.0,0.0,0.0,0.0,0.0,1.0,1.0,1100.0,67.0,2.0,270.0,0.1,0.0,0.0,0.0,0.0,0.0,0.0,0.0,12.0,0.5,0.0,0.0,0.0,0.0,0.0,0.0,0.0,1.0,1.0,1.0,1.0,1.0,1.0,1.0,0.0,0.0,1.0,1.0,800.0,800.0,1.0,1.0,3.0,3.0,1.0,1.0,0.0,0.0,0.0,-40.0
2022-03-03 11:55:00,0.0,295.0,0.0,293.0,0.0,27.0,0.0,28.0,23.0,30.0,23.0,30.0,150.0,178.0,169.0,190.0,15.0,18.0,17.0,19.0,9.0,0.8,1.0,1.0,1.0,1.0,0.0,0.0,0.0,0.0,0.0,0.0,0.0,1.0,1.0,1100.0,67.0,2.0,270.0,0.1,0.0,0.0,0.0,0.0,0.0,0.0,0.0,12.0,0.5,0.0,0.0,0.0,0.0,0.0,0.0,0.0,1.0,1.0,1.0,1.0,1.0,1.0,1.0,0.0,0.0,1.0,1.0,800.0,800.0,1.0,1.0,3.0,3.0,1.0,1.0,0.0,0.0,0.0,-40.0
2022-03-03 11:54:00,0.0,302.0,0.0,295.0,0.0,29.0,0.0,29.0,23.0,30.0,23.0,30.0,150.0,178.0,169.0,190.0,15.0,18.0,17.0,19.0,9.0,0.8,1.0,1.0,1.0,1.0,0.0,0.0,0.0,0.0,0.0,0.0,0.0,1.0,1.0,1100.0,67.0,2.0,270.0,0.1,0.0,0.0,0.0,0.0,0.0,0.0,0.0,12.0,0.5,0.0,0.0,0.0,0.0,0.0,0.0,0.0,1.0,1.0,1.0,1.0,1.0,1.0,1.0,0.0,0.0,1.0,1.0,800.0,800.0,1.0,1.0,3.0,3.0,1.0,1.0,0.0,0.0,0.0,-40.0
2022-03-03 11:53:00,0.0,303.0,0.0,303.0,0.0,31.0,0.0,31.0,23.0,30.0,23.0,30.0,150.0,178.0,169.0,190.0,15.0,18.0,17.0,19.0,9.0,0.8,1.0,1.0,1.0,1.0,0.0,0.0,0.0,0.0,0.0,0.0,0.0,1.0,1.0,1100.0,67.0,2.0,270.0,0.1,0.0,0.0,0.0,0.0,0.0,0.0,0.0,12.0,0.5,0.0,0.0,0.0,0.0,0.0,0.0,0.0,1.0,1.0,1.0,1.0,1.0,1.0,1.0,0.0,0.0,1.0,1.0,800.0,800.0,1.0,1.0,3.0,3.0,1.0,1.0,0.0,0.0,0.0,-40.0
2022-03-03 11:52:00,0.0,297.0,0.0,296.0,0.0,28.0,0.0,29.0,23.0,30.0,23.0,30.0,150.0,178.0,169.0,190.0,15.0,18.0,17.0,19.0,9.0,0.8,1.0,1.0,1.0,1.0,0.0,0.0,0.0,0.0,0.0,0.0,0.0,1.0,1.0,1100.0,67.0,2.0,270.0,0.1,0.0,0.0,0.0,0.0,0.0,0.0,0.0,12.0,0.5,0.0,0.0,0.0,0.0,0.0,0.0,0.0,1.0,1.0,1.0,1.0,1.0,1.0,1.0,0.0,0.0,1.0,1.0,800.0,800.0,1.0,1.0,3.0,3.0,1.0,1.0,0.0,0.0,0.0,-40.0
2022-03-03 11:51:00,0.0,295.0,0.0,294.0,0.0,27.0,0.0,28.0,23.0,30.0,23.0,30.0,150.0,178.0,169.0,190.0,15.0,18.0,17.0,19.0,9.0,0.8,1.0,1.0,1.0,1.0,0.0,0.0,0.0,0.0,0.0,0.0,0.0,1.0,1.0,1100.0,67.0,2.0,270.0,0.1,0.0,0.0,0.0,0.0,0.0,0.0,0.0,12.0,0.5,0.0,0.0,0.0,0.0,0.0,0.0,0.0,1.0,1.0,1.0,1.0,1.0,1.0,1.0,0.0,0.0,1.0,1.0,800.0,800.0,1.0,1.0,3.0,3.0,1.0,1.0,0.0,0.0,0.0,-40.0
2022-03-03 11:50:00,0.0,304.0,0.0,305.0,0.0,28.0,0.0,28.0,23.0,30.0,23.0,30.0,150.0,178.0,169.0,190.0,15.0,18.0,17.0,19.0,9.0,0.8,1.0,1.0,1.0,1.0,0.0,0.0,0.0,0.0,0.0,0.0,0.0,1.0,1.0,1100.0,67.0,2.0,270.0,0.1,0.0,0.0,0.0,0.0,0.0,0.0,0.0,12.0,0.5,0.0,0.0,0.0,0.0,0.0,0.0,0.0,1.0,1.0,1.0,1.0,1.0,1.0,1.0,0.0,0.0,1.0,1.0,800.0,800.0,1.0,1.0,3.0,3.0,1.0,1.0,0.0,0.0,0.0,-40.0
2022-03-03 11:49:00,0.0,302.0,0.0,302.0,0.0,31.0,0.0,31.0,23.0,30.0,23.0,30.0,150.0,178.0,169.0,190.0,15.0,18.0,17.0,19.0,9.0,0.8,1.0,1.0,1.0,1.0,0.0,0.0,0.0,0.0,0.0,0.0,0.0,1.0,1.0,1100.0,67.0,2.0,270.0,0.1,0.0,0.0,0.0,0.0,0.0,0.0,0.0,12.0,0.5,0.0,0.0,0.0,0.0,0.0,0.0,0.0,1.0,1.0,1.0,1.0,1.0,1.0,1.0,0.0,0.0,1.0,1.0,800.0,800.0,1.0,1.0,3.0,3.0,1.0,1.0,0.0,0.0,0.0,-40.0
2022-03-03 11:48:00,0.0,302.0,0.0,303.0,0.0,31.0,0.0,31.0,23.0,30.0,23.0,30.0,150.0,178.0,169.0,190.0,15.0,18.0,17.0,19.0,9.0,0.8,1.0,1.0,1.0,1.0,0.0,0.0,0.0,0.0,0.0,0.0,0.0,1.0,1.0,1100.0,67.0,2.0,270.0,0.1,0.0,0.0,0.0,0.0,0.0,0.0,0.0,12.0,0.5,0.0,0.0,0.0,0.0,0.0,0.0,0.0,1.0,1.0,1.0,1.0,1.0,1.0,1.0,0.0,0.0,1.0,1.0,800.0,800.0,1.0,1.0,3.0,3.0,1.0,1.0,0.0,0.0,0.0,-40.0
2022-03-03 11:47:00,0.0,300.0,0.0,300.0,0.0,30.0,0.0,30.0,23.0,30.0,23.0,30.0,150.0,178.0,169.0,190.0,15.0,18.0,17.0,19.0,9.0,0.8,1.0,1.0,1.0,1.0,0.0,0.0,0.0,0.0,0.0,0.0,0.0,1.0,1.0,1100.0,67.0,2.0,270.0,0.1,0.0,0.0,0.0,0.0,0.0,0.0,0.0,12.0,0.5,0.0,0.0,0.0,0.0,0.0,0.0,0.0,1.0,1.0,1.0,1.0,1.0,1.0,1.0,0.0,0.0,1.0,1.0,800.0,800.0,1.0,1.0,3.0,3.0,1.0,1.0,0.0,0.0,0.0,-40.0
2022-03-03 11:46:00,0.0,296.0,0.0,295.0,0.0,28.0,0.0,28.0,23.0,30.0,23.0,30.0,150.0,178.0,169.0,190.0,15.0,18.0,17.0,19.0,9.0,0.8,1.0,1.0,1.0,1.0,0.0,0.0,0.0,0.0,0.0,0.0,0.0,1.0,1.0,1100.0,67.0,2.0,270.0,0.1,0.0,0.0,0.0,0.0,0.0,0.0,0.0,12.0,0.5,0.0,0.0,0.0,0.0,0.0,0.0,0.0,1.0,1.0,1.0,1.0,1.0,1.0,1.0,0.0,0.0,1.0,1.0,800.0,800.0,1.0,1.0,3.0,3.0,1.0,1.0,0.0,0.0,0.0,-40.0
2022-03-03 11:45:00,0.0,302.0,0.0,296.0,0.0,28.0,0.0,29.0,23.0,30.0,23.0,30.0,150.0,178.0,169.0,190.0,15.0,18.0,17.0,19.0,9.0,0.8,1.0,1.0,1.0,1.0,0.0,0.0,0.0,0.0,0.0,0.0,0.0,1.0,1.0,1100.0,67.0,2.0,270.0,0.1,0.0,0.0,0.0,0.0,0.0,0.0,0.0,12.0,0.5,0.0,0.0,0.0,0.0,0.0,0.0,0.0,1.0,1.0,1.0,1.0,1.0,1.0,1.0,0.0,0.0,1.0,1.0,800.0,800.0,1.0,1.0,3.0,3.0,1.0,1.0,0.0,0.0,0.0,-40.0
2022-03-03 11:44:00,0.0,299.0,0.0,298.0,0.0,29.0,0.0,29.0,23.0,30.0,23.0,30.0,150.0,178.0,169.0,190.0,15.0,18.0,17.0,19.0,9.0,0.8,1.0,1.0,1.0,1.0,0.0,0.0,0.0,0.0,0.0,0.0,0.0,1.0,1.0,1100.0,67.0,2.0,270.0,0.1,0.0,0.0,0.0,0.0,0.0,0.0,0.0,12.0,0.5,0.0,0.0,0.0,0.0,0.0,0.0,0.0,1.0,1.0,1.0,1.0,1.0,1.0,1.0,0.0,0.0,1.0,1.0,800.0,800.0,1.0,1.0,3.0,3.0,1.0,1.0,0.0,0.0,0.0,-40.0
2022-03-03 11:43:00,0.0,298.0,0.0,297.0,0.0,29.0,0.0,29.0,23.0,30.0,23.0,30.0,150.0,178.0,169.0,190.0,15.0,18.0,17.0,19.0,9.0,0.8,1.0,1.0,1.0,1.0,0.0,0.0,0.0,0.0,0.0,0.0,0.0,1.0,1.0,1100.0,67.0,2.0,270.0,0.1,0.0,0.0,0.0,0.0,0.0,0.0,0.0,12.0,0.5,0.0,0.0,0.0,0.0,0.0,0.0,0.0,1.0,1.0,1.0,1.0,1.0,1.0,1.0,0.0,0.0,1.0,1.0,800.0,800.0,1.0,1.0,3.0,3.0,1.0,1.0,0.0,0.0,0.0,-40.0
2022-03-03 11:42:00,0.0,303.0,0.0,304.0,0.0,32.0,0.0,31.0,23.0,30.0,23.0,30.0,150.0,178.0,169.0,190.0,15.0,18.0,17.0,19.0,9.0,0.8,1.0,1.0,1.0,1.0,0.0,0.0,0.0,0.0,0.0,0.0,0.0,1.0,1.0,1100.0,67.0,2.0,270.0,0.1,0.0,0.0,0.0,0.0,0.0,0.0,0.0,12.0,0.5,0.0,0.0,0.0,0.0,0.0,0.0,0.0,1.0,1.0,1.0,1.0,1.0,1.0,1.0,0.0,0.0,1.0,1.0,800.0,800.0,1.0,1.0,3.0,3.0,1.0,1.0,0.0,0.0,0.0,-40.0
2022-03-03 11:41:00,0.0,304.0,0.0,305.0,0.0,30.0,0.0,30.0,23.0,30.0,23.0,30.0,150.0,178.0,169.0,190.0,15.0,18.0,17.0,19.0,9.0,0.8,1.0,1.0,1.0,1.0,0.0,0.0,0.0,0.0,0.0,0.0,0.0,1.0,1.0,1100.0,67.0,2.0,270.0,0.1,0.0,0.0,0.0,0.0,0.0,0.0,0.0,12.0,0.5,0.0,0.0,0.0,0.0,0.0,0.0,0.0,1.0,1.0,1.0,1.0,1.0,1.0,1.0,0.0,0.0,1.0,1.0,800.0,800.0,1.0,1.0,3.0,3.0,1.0,1.0,0.0,0.0,0.0,-40.0
2022-03-03 11:40:00,0.0,300.0,0.0,300.0,0.0,30.0,0.0,30.0,23.0,30.0,23.0,30.0,150.0,178.0,169.0,190.0,15.0,18.0,17.0,19.0,9.0,0.8,1.0,1.0,1.0,1.0,0.0,0.0,0.0,0.0,0.0,0.0,0.0,1.0,1.0,1100.0,67.0,2.0,270.0,0.1,0.0,0.0,0.0,0.0,0.0,0.0,0.0,12.0,0.5,0.0,0.0,0.0,0.0,0.0,0.0,0.0,1.0,1.0,1.0,1.0,1.0,1.0,1.0,0.0,0.0,1.0,1.0,800.0,800.0,1.0,1.0,3.0,3.0,1.0,1.0,0.0,0.0,0.0,-40.0
2022-03-03 11:39:00,0.0,301.0,0.0,294.0,0.0,28.0,0.0,28.0,23.0,30.0,23.0,30.0,150.0,178.0,169.0,190.0,15.0,18.0,17.0,19.0,9.0,0.8,1.0,1.0,1.0,1.0,0.0,0.0,0.0,0.0,0.0,0.0,0.0,1.0,1.0,1100.0,67.0,2.0,270.0,0.1,0.0,0.0,0.0,0.0,0.0,0.0,0.0,12.0,0.5,0.0,0.0,0.0,0.0,0.0,0.0,0.0,1.0,1.0,1.0,1.0,1.0,1.0,1.0,0.0,0.0,1.0,1.0,800.0,800.0,1.0,1.0,3.0,3.0,1.0,1.0,0.0,0.0,0.0,-40.0
2022-03-03 11:38:00,0.0,297.0,0.0,296.0,0.0,28.0,0.0,29.0,23.0,30.0,23.0,30.0,150.0,178.0,169.0,190.0,15.0,18.0,17.0,19.0,9.0,0.8,1.0,1.0,1.0,1.0,0.0,0.0,0.0,0.0,0.0,0.0,0.0,1.0,1.0,1100.0,67.0,2.0,270.0,0.1,0.0,0.0,0.0,0.0,0.0,0.0,0.0,12.0,0.5,0.0,0.0,0.0,0.0,0.0,0.0,0.0,1.0,1.0,1.0,1.0,1.0,1.0,1.0,0.0,0.0,1.0,1.0,800.0,800.0,1.0,1.0,3.0,3.0,1.0,1.0,0.0,0.0,0.0,-40.0
2022-03-03 11:37:00,0.0,300.0,0.0,300.0,0.0,32.0,0.0,32.0,23.0,30.0,23.0,30.0,150.0,178.0,169.0,190.0,15.0,18.0,17.0,19.0,9.0,0.8,1.0,1.0,1.0,1.0,0.0,0.0,0.0,0.0,0.0,0.0,0.0,1.0,1.0,1100.0,67.0,2.0,270.0,0.1,0.0,0.0,0.0,0.0,0.0,0.0,0.0,12.0,0.5,0.0,0.0,0.0,0.0,0.0,0.0,0.0,1.0,1.0,1.0,1.0,1.0,1.0,1.0,0.0,0.0,1.0,1.0,800.0,800.0,1.0,1.0,3.0,3.0,1.0,1.0,0.0,0.0,0.0,-40.0
2022-03-03 11:36:00,0.0,306.0,0.0,307.0,0.0,33.0,0.0,32.0,23.0,30.0,23.0,30.0,150.0,178.0,169.0,190.0,15.0,18.0,17.0,19.0,9.0,0.8,1.0,1.0,1.0,1.0,0.0,0.0,0.0,0.0,0.0,0.0,0.0,1.0,1.0,1100.0,67.0,2.0,270.0,0.1,0.0,0.0,0.0,0.0,0.0,0.0,0.0,12.0,0.5,0.0,0.0,0.0,0.0,0.0,0.0,0.0,1.0,1.0,1.0,1.0,1.0,1.0,1.0,0.0,0.0,1.0,1.0,800.0,800.0,1.0,1.0,3.0,3.0,1.0,1.0,0.0,0.0,0.0,-40.0
2022-03-03 11:35:00,0.0,298.0,0.0,298.0,0.0,29.0,0.0,29.0,23.0,30.0,23.0,30.0,150.0,178.0,169.0,190.0,15.0,18.0,17.0,19.0,9.0,0.8,1.0,1.0,1.0,1.0,0.0,0.0,0.0,0.0,0.0,0.0,0.0,1.0,1.0,1100.0,67.0,2.0,270.0,0.1,0.0,0.0,0.0,0.0,0.0,0.0,0.0,12.0,0.5,0.0,0.0,0.0,0.0,0.0,0.0,0.0,1.0,1.0,1.0,1.0,1.0,1.0,1.0,0.0,0.0,1.0,1.0,800.0,800.0,1.0,1.0,3.0,3.0,1.0,1.0,0.0,0.0,0.0,-40.0
2022-03-03 11:34:00,0.0,294.0,0.0,293.0,0.0,27.0,0.0,28.0,23.0,30.0,23.0,30.0,150.0,178.0,169.0,190.0,15.0,18.0,17.0,19.0,9.0,0.8,1.0,1.0,1.0,1.0,0.0,0.0,0.0,0.0,0.0,0.0,0.0,1.0,1.0,1100.0,67.0,2.0,270.0,0.1,0.0,0.0,0.0,0.0,0.0,0.0,0.0,12.0,0.5,0.0,0.0,0.0,0.0,0.0,0.0,0.0,1.0,1.0,1.0,1.0,1.0,1.0,1.0,0.0,0.0,1.0,1.0,800.0,800.0,1.0,1.0,3.0,3.0,1.0,1.0,0.0,0.0,0.0,-40.0
2022-03-03 11:33:00,0.0,304.0,0.0,305.0,0.0,32.0,0.0,32.0,23.0,30.0,23.0,30.0,150.0,178.0,169.0,190.0,15.0,18.0,17.0,19.0,9.0,0.8,1.0,1.0,1.0,1.0,0.0,0.0,0.0,0.0,0.0,0.0,0.0,1.0,1.0,1100.0,67.0,2.0,270.0,0.1,0.0,0.0,0.0,0.0,0.0,0.0,0.0,12.0,0.5,0.0,0.0,0.0,0.0,0.0,0.0,0.0,1.0,1.0,1.0,1.0,1.0,1.0,1.0,0.0,0.0,1.0,1.0,800.0,800.0,1.0,1.0,3.0,3.0,1.0,1.0,0.0,0.0,0.0,-40.0
2022-03-03 11:32:00,0.0,299.0,0.0,298.0,0.0,29.0,0.0,29.0,23.0,30.0,23.0,30.0,150.0,178.0,169.0,190.0,15.0,18.0,17.0,19.0,9.0,0.8,1.0,1.0,1.0,1.0,0.0,0.0,0.0,0.0,0.0,0.0,0.0,1.0,1.0,1100.0,67.0,2.0,270.0,0.1,0.0,0.0,0.0,0.0,0.0,0.0,0.0,12.0,0.5,0.0,0.0,0.0,0.0,0.0,0.0,0.0,1.0,1.0,1.0,1.0,1.0,1.0,1.0,0.0,0.0,1.0,1.0,800.0,800.0,1.0,1.0,3.0,3.0,1.0,1.0,0.0,0.0,0.0,-40.0
2022-03-03 11:31:00,0.0,295.0,0.0,293.0,0.0,27.0,0.0,28.0,23.0,30.0,23.0,30.0,150.0,178.0,169.0,190.0,15.0,18.0,17.0,19.0,9.0,0.8,1.0,1.0,1.0,1.0,0.0,0.0,0.0,0.0,0.0,0.0,0.0,1.0,1.0,1100.0,67.0,2.0,270.0,0.1,0.0,0.0,0.0,0.0,0.0,0.0,0.0,12.0,0.5,0.0,0.0,0.0,0.0,0.0,0.0,0.0,1.0,1.0,1.0,1.0,1.0,1.0,1.0,0.0,0.0,1.0,1.0,800.0,800.0,1.0,1.0,3.0,3.0,1.0,1.0,0.0,0.0,0.0,-40.0
2022-03-03 11:30:00,0.0,302.0,0.0,302.0,0.0,31.0,0.0,31.0,23.0,30.0,23.0,30.0,150.0,178.0,169.0,190.0,15.0,18.0,17.0,19.0,9.0,0.8,1.0,1.0,1.0,1.0,0.0,0.0,0.0,0.0,0.0,0.0,0.0,1.0,1.0,1100.0,67.0,2.0,270.0,0.1,0.0,0.0,0.0,0.0,0.0,0.0,0.0,12.0,0.5,0.0,0.0,0.0,0.0,0.0,0.0,0.0,1.0,1.0,1.0,1.0,1.0,1.0,1.0,0.0,0.0,1.0,1.0,800.0,800.0,1.0,1.0,3.0,3.0,1.0,1.0,0.0,0.0,0.0,-40.0
2022-03-03 11:29:00,0.0,296.0,0.0,295.0,0.0,28.0,0.0,28.0,23.0,30.0,23.0,30.0,150.0,178.0,169.0,190.0,15.0,18.0,17.0,19.0,9.0,0.8,1.0,1.0,1.0,1.0,0.0,0.0,0.0,0.0,0.0,0.0,0.0,1.0,1.0,1100.0,67.0,2.0,270.0,0.1,0.0,0.0,0.0,0.0,0.0,0.0,0.0,12.0,0.5,0.0,0.0,0.0,0.0,0.0,0.0,0.0,1.0,1.0,1.0,1.0,1.0,1.0,1.0,0.0,0.0,1.0,1.0,800.0,800.0,1.0,1.0,3.0,3.0,1.0,1.0,0.0,0.0,0.0,-40.0
2022-03-03 11:28:00,0.0,304.0,0.0,305.0,0.0,32.0,0.0,32.0,23.0,30.0,23.0,30.0,150.0,178.0,169.0,190.0,15.0,18.0,17.0,19.0,9.0,0.8,1.0,1.0,1.0,1.0,0.0,0.0,0.0,0.0,0.0,0.0,0.0,1.0,1.0,1100.0,67.0,2.0,270.0,0.1,0.0,0.0,0.0,0.0,0.0,0.0,0.0,12.0,0.5,0.0,0.0,0.0,0.0,0.0,0.0,0.0,1.0,1.0,1.0,1.0,1.0,1.0,1.0,0.0,0.0,1.0,1.0,800.0,800.0,1.0,1.0,3.0,3.0,1.0,1.0,0.0,0.0,0.0,-40.0
2022-03-03 11:27:00,0.0,301.0,0.0,302.0,0.0,31.0,0.0,31.0,23.0,30.0,23.0,30.0,150.0,178.0,169.0,190.0,15.0,18.0,17.0,19.0,9.0,0.8,1.0,1.0,1.0,1.0,0.0,0.0,0.0,0.0,0.0,0.0,0.0,1.0,1.0,1100.0,67.0,2.0,270.0,0.1,0.0,0.0,0.0,0.0,0.0,0.0,0.0,12.0,0.5,0.0,0.0,0.0,0.0,0.0,0.0,0.0,1.0,1.0,1.0,1.0,1.0,1.0,1.0,0.0,0.0,1.0,1.0,800.0,800.0,1.0,1.0,3.0,3.0,1.0,1.0,0.0,0.0,0.0,-40.0
2022-03-03 11:26:00,0.0,295.0,0.0,294.0,0.0,27.0,0.0,28.0,23.0,30.0,23.0,30.0,150.0,178.0,169.0,190.0,15.0,18.0,17.0,19.0,9.0,0.8,1.0,1.0,1.0,1.0,0.0,0.0,0.0,0.0,0.0,0.0,0.0,1.0,1.0,1100.0,67.0,2.0,270.0,0.1,0.0,0.0,0.0,0.0,0.0,0.0,0.0,12.0,0.5,0.0,0.0,0.0,0.0,0.0,0.0,0.0,1.0,1.0,1.0,1.0,1.0,1.0,1.0,0.0,0.0,1.0,1.0,800.0,800.0,1.0,1.0,3.0,3.0,1.0,1.0,0.0,0.0,0.0,-40.0
2022-03-03 11:25:00,0.0,305.0,0.0,306.0,0.0,33.0,0.0,32.0,23.0,30.0,23.0,30.0,150.0,178.0,169.0,190.0,15.0,18.0,17.0,19.0,9.0,0.8,1.0,1.0,1.0,1.0,0.0,0.0,0.0,0.0,0.0,0.0,0.0,1.0,1.0,1100.0,67.0,2.0,270.0,0.1,0.0,0.0,0.0,0.0,0.0,0.0,0.0,12.0,0.5,0.0,0.0,0.0,0.0,0.0,0.0,0.0,1.0,1.0,1.0,1.0,1.0,1.0,1.0,0.0,0.0,1.0,1.0,800.0,800.0,1.0,1.0,3.0,3.0,1.0,1.0,0.0,0.0,0.0,-40.0
2022-03-03 11:24:00,0.0,296.0,0.0,294.0,0.0,28.0,0.0,28.0,23.0,30.0,23.0,30.0,150.0,178.0,169.0,190.0,15.0,18.0,17.0,19.0,9.0,0.8,1.0,1.0,1.0,1.0,0.0,0.0,0.0,0.0,0.0,0.0,0.0,1.0,1.0,1100.0,67.0,2.0,270.0,0.1,0.0,0.0,0.0,0.0,0.0,0.0,0.0,12.0,0.5,0.0,0.0,0.0,0.0,0.0,0.0,0.0,1.0,1.0,1.0,1.0,1.0,1.0,1.0,0.0,0.0,1.0,1.0,800.0,800.0,1.0,1.0,3.0,3.0,1.0,1.0,0.0,0.0,0.0,-40.0
2022-03-03 11:23:00,0.0,297.0,0.0,296.0,0.0,28.0,0.0,29.0,23.0,30.0,23.0,30.0,150.0,178.0,169.0,190.0,15.0,18.0,17.0,19.0,9.0,0.8,1.0,1.0,1.0,1.0,0.0,0.0,0.0,0.0,0.0,0.0,0.0,1.0,1.0,1100.0,67.0,2.0,270.0,0.1,0.0,0.0,0.0,0.0,0.0,0.0,0.0,12.0,0.5,0.0,0.0,0.0,0.0,0.0,0.0,0.0,1.0,1.0,1.0,1.0,1.0,1.0,1.0,0.0,0.0,1.0,1.0,800.0,800.0,1.0,1.0,3.0,3.0,1.0,1.0,0.0,0.0,0.0,-40.0
2022-03-03 11:22:00,0.0,295.0,0.0,294.0,0.0,28.0,0.0,28.0,23.0,30.0,23.0,30.0,150.0,178.0,169.0,190.0,15.0,18.0,17.0,19.0,9.0,0.8,1.0,1.0,1.0,1.0,0.0,0.0,0.0,0.0,0.0,0.0,0.0,1.0,1.0,1100.0,67.0,2.0,270.0,0.1,0.0,0.0,0.0,0.0,0.0,0.0,0.0,12.0,0.5,0.0,0.0,0.0,0.0,0.0,0.0,0.0,1.0,1.0,1.0,1.0,1.0,1.0,1.0,0.0,0.0,1.0,1.0,800.0,800.0,1.0,1.0,3.0,3.0,1.0,1.0,0.0,0.0,0.0,-40.0
2022-03-03 11:21:00,0.0,300.0,0.0,300.0,0.0,30.0,0.0,30.0,23.0,30.0,23.0,30.0,150.0,178.0,169.0,190.0,15.0,18.0,17.0,19.0,9.0,0.8,1.0,1.0,1.0,1.0,0.0,0.0,0.0,0.0,0.0,0.0,0.0,1.0,1.0,1100.0,67.0,2.0,270.0,0.1,0.0,0.0,0.0,0.0,0.0,0.0,0.0,12.0,0.5,0.0,0.0,0.0,0.0,0.0,0.0,0.0,1.0,1.0,1.0,1.0,1.0,1.0,1.0,0.0,0.0,1.0,1.0,800.0,800.0,1.0,1.0,3.0,3.0,1.0,1.0,0.0,0.0,0.0,-40.0
2022-03-03 11:20:00,0.0,298.0,0.0,298.0,0.0,29.0,0.0,29.0,23.0,30.0,23.0,30.0,150.0,178.0,169.0,190.0,15.0,18.0,17.0,19.0,9.0,0.8,1.0,1.0,1.0,1.0,0.0,0.0,0.0,0.0,0.0,0.0,0.0,1.0,1.0,1100.0,67.0,2.0,270.0,0.1,0.0,0.0,0.0,0.0,0.0,0.0,0.0,12.0,0.5,0.0,0.0,0.0,0.0,0.0,0.0,0.0,1.0,1.0,1.0,1.0,1.0,1.0,1.0,0.0,0.0,1.0,1.0,800.0,800.0,1.0,1.0,3.0,3.0,1.0,1.0,0.0,0.0,0.0,-40.0
2022-03-03 11:19:00,0.0,297.0,0.0,296.0,0.0,28.0,0.0,29.0,23.0,30.0,23.0,30.0,150.0,178.0,169.0,190.0,15.0,18.0,17.0,19.0,9.0,0.8,1.0,1.0,1.0,1.0,0.0,0.0,0.0,0.0,0.0,0.0,0.0,1.0,1.0,1100.0,67.0,2.0,270.0,0.1,0.0,0.0,0.0,0.0,0.0,0.0,0.0,12.0,0.5,0.0,0.0,0.0,0.0,0.0,0.0,0.0,1.0,1.0,1.0,1.0,1.0,1.0,1.0,0.0,0.0,1.0,1.0,800.0,800.0,1.0,1.0,3.0,3.0,1.0,1.0,0.0,0.0,0.0,-40.0
2022-03-03 11:17:00,0.0,295.0,0.0,294.0,0.0,28.0,0.0,28.0,23.0,30.0,23.0,30.0,150.0,178.0,169.0,190.0,15.0,18.0,17.0,19.0,9.0,0.8,1.0,1.0,1.0,1.0,0.0,0.0,0.0,0.0,0.0,0.0,0.0,1.0,1.0,1100.0,67.0,2.0,270.0,0.1,0.0,0.0,0.0,0.0,0.0,0.0,0.0,12.0,0.5,0.0,0.0,0.0,0.0,0.0,0.0,0.0,1.0,1.0,1.0,1.0,1.0,1.0,1.0,0.0,0.0,1.0,1.0,800.0,800.0,1.0,1.0,3.0,3.0,1.0,1.0,0.0,0.0,0.0,-40.0
2022-03-03 11:16:00,0.0,296.0,0.0,295.0,0.0,28.0,0.0,28.0,23.0,30.0,23.0,30.0,150.0,178.0,169.0,190.0,15.0,18.0,17.0,19.0,9.0,0.8,1.0,1.0,1.0,1.0,0.0,0.0,0.0,0.0,0.0,0.0,0.0,1.0,1.0,1100.0,67.0,2.0,270.0,0.1,0.0,0.0,0.0,0.0,0.0,0.0,0.0,12.0,0.5,0.0,0.0,0.0,0.0,0.0,0.0,0.0,1.0,1.0,1.0,1.0,1.0,1.0,1.0,0.0,0.0,1.0,1.0,800.0,800.0,1.0,1.0,3.0,3.0,1.0,1.0,0.0,0.0,0.0,-40.0
2022-03-03 11:15:00,0.0,303.0,0.0,304.0,0.0,32.0,0.0,31.0,23.0,30.0,23.0,30.0,150.0,178.0,169.0,190.0,15.0,18.0,17.0,19.0,9.0,0.8,1.0,1.0,1.0,1.0,0.0,0.0,0.0,0.0,0.0,0.0,0.0,1.0,1.0,1100.0,67.0,2.0,270.0,0.1,0.0,0.0,0.0,0.0,0.0,0.0,0.0,12.0,0.5,0.0,0.0,0.0,0.0,0.0,0.0,0.0,1.0,1.0,1.0,1.0,1.0,1.0,1.0,0.0,0.0,1.0,1.0,800.0,800.0,1.0,1.0,3.0,3.0,1.0,1.0,0.0,0.0,0.0,-40.0
2022-03-03 11:14:00,0.0,302.0,0.0,302.0,0.0,31.0,0.0,31.0,23.0,30.0,23.0,30.0,150.0,178.0,169.0,190.0,15.0,18.0,17.0,19.0,9.0,0.8,1.0,1.0,1.0,1.0,0.0,0.0,0.0,0.0,0.0,0.0,0.0,1.0,1.0,1100.0,67.0,2.0,270.0,0.1,0.0,0.0,0.0,0.0,0.0,0.0,0.0,12.0,0.5,0.0,0.0,0.0,0.0,0.0,0.0,0.0,1.0,1.0,1.0,1.0,1.0,1.0,1.0,0.0,0.0,1.0,1.0,800.0,800.0,1.0,1.0,3.0,3.0,1.0,1.0,0.0,0.0,0.0,-40.0
2022-03-03 11:13:00,0.0,294.0,0.0,293.0,0.0,27.0,0.0,28.0,23.0,30.0,23.0,30.0,150.0,178.0,169.0,190.0,15.0,18.0,17.0,19.0,9.0,0.8,1.0,1.0,1.0,1.0,0.0,0.0,0.0,0.0,0.0,0.0,0.0,1.0,1.0,1100.0,67.0,2.0,270.0,0.1,0.0,0.0,0.0,0.0,0.0,0.0,0.0,12.0,0.5,0.0,0.0,0.0,0.0,0.0,0.0,0.0,1.0,1.0,1.0,1.0,1.0,1.0,1.0,0.0,0.0,1.0,1.0,800.0,800.0,1.0,1.0,3.0,3.0,1.0,1.0,0.0,0.0,0.0,-40.0
2022-03-03 11:12:00,0.0,301.0,0.0,302.0,0.0,31.0,0.0,31.0,23.0,30.0,23.0,30.0,150.0,178.0,169.0,190.0,15.0,18.0,17.0,19.0,9.0,0.8,1.0,1.0,1.0,1.0,0.0,0.0,0.0,0.0,0.0,0.0,0.0,1.0,1.0,1100.0,67.0,2.0,270.0,0.1,0.0,0.0,0.0,0.0,0.0,0.0,0.0,12.0,0.5,0.0,0.0,0.0,0.0,0.0,0.0,0.0,1.0,1.0,1.0,1.0,1.0,1.0,1.0,0.0,0.0,1.0,1.0,800.0,800.0,1.0,1.0,3.0,3.0,1.0,1.0,0.0,0.0,0.0,-40.0
2022-03-03 11:11:00,0.0,298.0,0.0,298.0,0.0,29.0,0.0,29.0,23.0,30.0,23.0,30.0,150.0,178.0,169.0,190.0,15.0,18.0,17.0,19.0,9.0,0.8,1.0,1.0,1.0,1.0,0.0,0.0,0.0,0.0,0.0,0.0,0.0,1.0,1.0,1100.0,67.0,2.0,270.0,0.1,0.0,0.0,0.0,0.0,0.0,0.0,0.0,12.0,0.5,0.0,0.0,0.0,0.0,0.0,0.0,0.0,1.0,1.0,1.0,1.0,1.0,1.0,1.0,0.0,0.0,1.0,1.0,800.0,800.0,1.0,1.0,3.0,3.0,1.0,1.0,0.0,0.0,0.0,-40.0
2022-03-03 11:10:00,0.0,299.0,0.0,298.0,0.0,29.0,0.0,32.0,23.0,30.0,23.0,30.0,150.0,178.0,169.0,190.0,15.0,18.0,17.0,19.0,9.0,0.8,1.0,1.0,1.0,1.0,0.0,0.0,0.0,0.0,0.0,0.0,0.0,1.0,1.0,1100.0,67.0,2.0,270.0,0.1,0.0,0.0,0.0,0.0,0.0,0.0,0.0,12.0,0.5,0.0,0.0,0.0,0.0,0.0,0.0,0.0,1.0,1.0,1.0,1.0,1.0,1.0,1.0,0.0,0.0,1.0,1.0,800.0,800.0,1.0,1.0,3.0,3.0,1.0,1.0,0.0,0.0,0.0,-40.0
2022-03-03 11:09:00,0.0,296.0,0.0,295.0,0.0,28.0,0.0,28.0,23.0,30.0,23.0,30.0,150.0,178.0,169.0,190.0,15.0,18.0,17.0,19.0,9.0,0.8,1.0,1.0,1.0,1.0,0.0,0.0,0.0,0.0,0.0,0.0,0.0,1.0,1.0,1100.0,67.0,2.0,270.0,0.1,0.0,0.0,0.0,0.0,0.0,0.0,0.0,12.0,0.5,0.0,0.0,0.0,0.0,0.0,0.0,0.0,1.0,1.0,1.0,1.0,1.0,1.0,1.0,0.0,0.0,1.0,1.0,800.0,800.0,1.0,1.0,3.0,3.0,1.0,1.0,0.0,0.0,0.0,-40.0
2022-03-03 11:08:00,0.0,301.0,0.0,302.0,0.0,28.0,0.0,28.0,23.0,30.0,23.0,30.0,150.0,178.0,169.0,190.0,15.0,18.0,17.0,19.0,9.0,0.8,1.0,1.0,1.0,1.0,0.0,0.0,0.0,0.0,0.0,0.0,0.0,1.0,1.0,1100.0,67.0,2.0,270.0,0.1,0.0,0.0,0.0,0.0,0.0,0.0,0.0,12.0,0.5,0.0,0.0,0.0,0.0,0.0,0.0,0.0,1.0,1.0,1.0,1.0,1.0,1.0,1.0,0.0,0.0,1.0,1.0,800.0,800.0,1.0,1.0,3.0,3.0,1.0,1.0,0.0,0.0,0.0,-40.0
2022-03-03 11:07:00,0.0,298.0,0.0,298.0,0.0,29.0,0.0,29.0,23.0,30.0,23.0,30.0,150.0,178.0,169.0,190.0,15.0,18.0,17.0,19.0,9.0,0.8,1.0,1.0,1.0,1.0,0.0,0.0,0.0,0.0,0.0,0.0,0.0,1.0,1.0,1100.0,67.0,2.0,270.0,0.1,0.0,0.0,0.0,0.0,0.0,0.0,0.0,12.0,0.5,0.0,0.0,0.0,0.0,0.0,0.0,0.0,1.0,1.0,1.0,1.0,1.0,1.0,1.0,0.0,0.0,1.0,1.0,800.0,800.0,1.0,1.0,3.0,3.0,1.0,1.0,0.0,0.0,0.0,-40.0
2022-03-03 11:06:00,0.0,298.0,0.0,298.0,0.0,29.0,0.0,29.0,23.0,30.0,23.0,30.0,150.0,178.0,169.0,190.0,15.0,18.0,17.0,19.0,9.0,0.8,1.0,1.0,1.0,1.0,0.0,0.0,0.0,0.0,0.0,0.0,0.0,1.0,1.0,1100.0,67.0,2.0,270.0,0.1,0.0,0.0,0.0,0.0,0.0,0.0,0.0,12.0,0.5,0.0,0.0,0.0,0.0,0.0,0.0,0.0,1.0,1.0,1.0,1.0,1.0,1.0,1.0,0.0,0.0,1.0,1.0,800.0,800.0,1.0,1.0,3.0,3.0,1.0,1.0,0.0,0.0,0.0,-40.0
2022-03-03 11:05:00,0.0,301.0,0.0,302.0,0.0,31.0,0.0,31.0,23.0,30.0,23.0,30.0,150.0,178.0,169.0,190.0,15.0,18.0,17.0,19.0,9.0,0.8,1.0,1.0,1.0,1.0,0.0,0.0,0.0,0.0,0.0,0.0,0.0,1.0,1.0,1100.0,67.0,2.0,270.0,0.1,0.0,0.0,0.0,0.0,0.0,0.0,0.0,12.0,0.5,0.0,0.0,0.0,0.0,0.0,0.0,0.0,1.0,1.0,1.0,1.0,1.0,1.0,1.0,0.0,0.0,1.0,1.0,800.0,800.0,1.0,1.0,3.0,3.0,1.0,1.0,0.0,0.0,0.0,-40.0
2022-03-03 11:04:00,0.0,294.0,0.0,293.0,0.0,27.0,0.0,28.0,23.0,30.0,23.0,30.0,150.0,178.0,169.0,190.0,15.0,18.0,17.0,19.0,9.0,0.8,1.0,1.0,1.0,1.0,0.0,0.0,0.0,0.0,0.0,0.0,0.0,1.0,1.0,1100.0,67.0,2.0,270.0,0.1,0.0,0.0,0.0,0.0,0.0,0.0,0.0,12.0,0.5,0.0,0.0,0.0,0.0,0.0,0.0,0.0,1.0,1.0,1.0,1.0,1.0,1.0,1.0,0.0,0.0,1.0,1.0,800.0,800.0,1.0,1.0,3.0,3.0,1.0,1.0,0.0,0.0,0.0,-40.0
2022-03-03 11:03:00,0.0,295.0,0.0,294.0,0.0,28.0,0.0,28.0,23.0,30.0,23.0,30.0,150.0,178.0,169.0,190.0,15.0,18.0,17.0,19.0,9.0,0.8,1.0,1.0,1.0,1.0,0.0,0.0,0.0,0.0,0.0,0.0,0.0,1.0,1.0,1100.0,67.0,2.0,270.0,0.1,0.0,0.0,0.0,0.0,0.0,0.0,0.0,12.0,0.5,0.0,0.0,0.0,0.0,0.0,0.0,0.0,1.0,1.0,1.0,1.0,1.0,1.0,1.0,0.0,0.0,1.0,1.0,800.0,800.0,1.0,1.0,3.0,3.0,1.0,1.0,0.0,0.0,0.0,-40.0
2022-03-03 11:02:00,0.0,300.0,0.0,300.0,0.0,30.0,0.0,30.0,23.0,30.0,23.0,30.0,150.0,178.0,169.0,190.0,15.0,18.0,17.0,19.0,9.0,0.8,1.0,1.0,1.0,1.0,0.0,0.0,0.0,0.0,0.0,0.0,0.0,1.0,1.0,1100.0,67.0,2.0,270.0,0.1,0.0,0.0,0.0,0.0,0.0,0.0,0.0,12.0,0.5,0.0,0.0,0.0,0.0,0.0,0.0,0.0,1.0,1.0,1.0,1.0,1.0,1.0,1.0,0.0,0.0,1.0,1.0,800.0,800.0,1.0,1.0,3.0,3.0,1.0,1.0,0.0,0.0,0.0,-40.0
2022-03-03 11:01:00,0.0,302.0,0.0,302.0,0.0,31.0,0.0,31.0,23.0,30.0,23.0,30.0,150.0,178.0,169.0,190.0,15.0,18.0,17.0,19.0,9.0,0.8,1.0,1.0,1.0,1.0,0.0,0.0,0.0,0.0,0.0,0.0,0.0,1.0,1.0,1100.0,67.0,2.0,270.0,0.1,0.0,0.0,0.0,0.0,0.0,0.0,0.0,12.0,0.5,0.0,0.0,0.0,0.0,0.0,0.0,0.0,1.0,1.0,1.0,1.0,1.0,1.0,1.0,0.0,0.0,1.0,1.0,800.0,800.0,1.0,1.0,3.0,3.0,1.0,1.0,0.0,0.0,0.0,-40.0
2022-03-03 11:00:00,0.0,301.0,0.0,301.0,0.0,30.0,0.0,30.0,23.0,30.0,23.0,30.0,150.0,178.0,169.0,190.0,15.0,18.0,17.0,19.0,9.0,0.8,1.0,1.0,1.0,1.0,0.0,0.0,0.0,0.0,0.0,0.0,0.0,1.0,1.0,1100.0,67.0,2.0,270.0,0.1,0.0,0.0,0.0,0.0,0.0,0.0,0.0,12.0,0.5,0.0,0.0,0.0,0.0,0.0,0.0,0.0,1.0,1.0,1.0,1.0,1.0,1.0,1.0,0.0,0.0,1.0,1.0,800.0,800.0,1.0,1.0,3.0,3.0,1.0,1.0,0.0,0.0,0.0,-40.0
2022-03-03 10:59:00,0.0,296.0,0.0,295.0,0.0,28.0,0.0,28.0,23.0,30.0,23.0,30.0,150.0,178.0,169.0,190.0,15.0,18.0,17.0,19.0,9.0,0.8,1.0,1.0,1.0,1.0,0.0,0.0,0.0,0.0,0.0,0.0,0.0,1.0,1.0,1100.0,67.0,2.0,270.0,0.1,0.0,0.0,0.0,0.0,0.0,0.0,0.0,12.0,0.5,0.0,0.0,0.0,0.0,0.0,0.0,0.0,1.0,1.0,1.0,1.0,1.0,1.0,1.0,0.0,0.0,1.0,1.0,800.0,800.0,1.0,1.0,3.0,3.0,1.0,1.0,0.0,0.0,0.0,-40.0
2022-03-03 10:58:00,0.0,303.0,0.0,304.0,0.0,32.0,0.0,31.0,23.0,30.0,23.0,30.0,150.0,178.0,169.0,190.0,15.0,18.0,17.0,19.0,9.0,0.8,1.0,1.0,1.0,1.0,0.0,0.0,0.0,0.0,0.0,0.0,0.0,1.0,1.0,1100.0,67.0,2.0,270.0,0.1,0.0,0.0,0.0,0.0,0.0,0.0,0.0,12.0,0.5,0.0,0.0,0.0,0.0,0.0,0.0,0.0,1.0,1.0,1.0,1.0,1.0,1.0,1.0,0.0,0.0,1.0,1.0,800.0,800.0,1.0,1.0,3.0,3.0,1.0,1.0,0.0,0.0,0.0,-40.0
2022-03-03 10:57:00,0.0,299.0,0.0,298.0,0.0,29.0,0.0,29.0,23.0,30.0,23.0,30.0,150.0,178.0,169.0,190.0,15.0,18.0,17.0,19.0,9.0,0.8,1.0,1.0,1.0,1.0,0.0,0.0,0.0,0.0,0.0,0.0,0.0,1.0,1.0,1100.0,67.0,2.0,270.0,0.1,0.0,0.0,0.0,0.0,0.0,0.0,0.0,12.0,0.5,0.0,0.0,0.0,0.0,0.0,0.0,0.0,1.0,1.0,1.0,1.0,1.0,1.0,1.0,0.0,0.0,1.0,1.0,800.0,800.0,1.0,1.0,3.0,3.0,1.0,1.0,0.0,0.0,0.0,-40.0
2022-03-03 10:56:00,0.0,294.0,0.0,293.0,0.0,27.0,0.0,28.0,23.0,30.0,23.0,30.0,150.0,178.0,169.0,190.0,15.0,18.0,17.0,19.0,9.0,0.8,1.0,1.0,1.0,1.0,0.0,0.0,0.0,0.0,0.0,0.0,0.0,1.0,1.0,1100.0,67.0,2.0,270.0,0.1,0.0,0.0,0.0,0.0,0.0,0.0,0.0,12.0,0.5,0.0,0.0,0.0,0.0,0.0,0.0,0.0,1.0,1.0,1.0,1.0,1.0,1.0,1.0,0.0,0.0,1.0,1.0,800.0,800.0,1.0,1.0,3.0,3.0,1.0,1.0,0.0,0.0,0.0,-40.0
2022-03-03 10:55:00,0.0,297.0,0.0,297.0,0.0,29.0,0.0,29.0,23.0,30.0,23.0,30.0,150.0,178.0,169.0,190.0,15.0,18.0,17.0,19.0,9.0,0.8,1.0,1.0,1.0,1.0,0.0,0.0,0.0,0.0,0.0,0.0,0.0,1.0,1.0,1100.0,67.0,2.0,270.0,0.1,0.0,0.0,0.0,0.0,0.0,0.0,0.0,12.0,0.5,0.0,0.0,0.0,0.0,0.0,0.0,0.0,1.0,1.0,1.0,1.0,1.0,1.0,1.0,0.0,0.0,1.0,1.0,800.0,800.0,1.0,1.0,3.0,3.0,1.0,1.0,0.0,0.0,0.0,-40.0
2022-03-03 10:54:00,0.0,298.0,0.0,298.0,0.0,29.0,0.0,29.0,23.0,30.0,23.0,30.0,150.0,178.0,169.0,190.0,15.0,18.0,17.0,19.0,9.0,0.8,1.0,1.0,1.0,1.0,0.0,0.0,0.0,0.0,0.0,0.0,0.0,1.0,1.0,1100.0,67.0,2.0,270.0,0.1,0.0,0.0,0.0,0.0,0.0,0.0,0.0,12.0,0.5,0.0,0.0,0.0,0.0,0.0,0.0,0.0,1.0,1.0,1.0,1.0,1.0,1.0,1.0,0.0,0.0,1.0,1.0,800.0,800.0,1.0,1.0,3.0,3.0,1.0,1.0,0.0,0.0,0.0,-40.0
2022-03-03 10:52:00,0.0,305.0,0.0,306.0,0.0,33.0,0.0,32.0,23.0,30.0,23.0,30.0,150.0,178.0,169.0,190.0,15.0,18.0,17.0,19.0,9.0,0.8,1.0,1.0,1.0,1.0,0.0,0.0,0.0,0.0,0.0,0.0,0.0,1.0,1.0,1100.0,67.0,2.0,270.0,0.1,0.0,0.0,0.0,0.0,0.0,0.0,0.0,12.0,0.5,0.0,0.0,0.0,0.0,0.0,0.0,0.0,1.0,1.0,1.0,1.0,1.0,1.0,1.0,0.0,0.0,1.0,1.0,800.0,800.0,1.0,1.0,3.0,3.0,1.0,1.0,0.0,0.0,0.0,-40.0
2022-03-03 10:51:00,0.0,303.0,0.0,304.0,0.0,32.0,0.0,31.0,23.0,30.0,23.0,30.0,150.0,178.0,169.0,190.0,15.0,18.0,17.0,19.0,9.0,0.8,1.0,1.0,1.0,1.0,0.0,0.0,0.0,0.0,0.0,0.0,0.0,1.0,1.0,1100.0,67.0,2.0,270.0,0.1,0.0,0.0,0.0,0.0,0.0,0.0,0.0,12.0,0.5,0.0,0.0,0.0,0.0,0.0,0.0,0.0,1.0,1.0,1.0,1.0,1.0,1.0,1.0,0.0,0.0,1.0,1.0,800.0,800.0,1.0,1.0,3.0,3.0,1.0,1.0,0.0,0.0,0.0,-40.0
2022-03-03 10:50:00,0.0,297.0,0.0,296.0,0.0,28.0,0.0,29.0,23.0,30.0,23.0,30.0,150.0,178.0,169.0,190.0,15.0,18.0,17.0,19.0,9.0,0.8,1.0,1.0,1.0,1.0,0.0,0.0,0.0,0.0,0.0,0.0,0.0,1.0,1.0,1100.0,67.0,2.0,270.0,0.1,0.0,0.0,0.0,0.0,0.0,0.0,0.0,12.0,0.5,0.0,0.0,0.0,0.0,0.0,0.0,0.0,1.0,1.0,1.0,1.0,1.0,1.0,1.0,0.0,0.0,1.0,1.0,800.0,800.0,1.0,1.0,3.0,3.0,1.0,1.0,0.0,0.0,0.0,-40.0
2022-03-03 10:49:00,0.0,296.0,0.0,295.0,0.0,28.0,0.0,28.0,23.0,30.0,23.0,30.0,150.0,178.0,169.0,190.0,15.0,18.0,17.0,19.0,9.0,0.8,1.0,1.0,1.0,1.0,0.0,0.0,0.0,0.0,0.0,0.0,0.0,1.0,1.0,1100.0,67.0,2.0,270.0,0.1,0.0,0.0,0.0,0.0,0.0,0.0,0.0,12.0,0.5,0.0,0.0,0.0,0.0,0.0,0.0,0.0,1.0,1.0,1.0,1.0,1.0,1.0,1.0,0.0,0.0,1.0,1.0,800.0,800.0,1.0,1.0,3.0,3.0,1.0,1.0,0.0,0.0,0.0,-40.0
2022-03-03 10:48:00,0.0,300.0,0.0,301.0,0.0,30.0,0.0,30.0,23.0,30.0,23.0,30.0,150.0,178.0,169.0,190.0,15.0,18.0,17.0,19.0,9.0,0.8,1.0,1.0,1.0,1.0,0.0,0.0,0.0,0.0,0.0,0.0,0.0,1.0,1.0,1100.0,67.0,2.0,270.0,0.1,0.0,0.0,0.0,0.0,0.0,0.0,0.0,12.0,0.5,0.0,0.0,0.0,0.0,0.0,0.0,0.0,1.0,1.0,1.0,1.0,1.0,1.0,1.0,0.0,0.0,1.0,1.0,800.0,800.0,1.0,1.0,3.0,3.0,1.0,1.0,0.0,0.0,0.0,-40.0
2022-03-03 10:47:00,0.0,295.0,0.0,294.0,0.0,28.0,0.0,28.0,23.0,30.0,23.0,30.0,150.0,178.0,169.0,190.0,15.0,18.0,17.0,19.0,9.0,0.8,1.0,1.0,1.0,1.0,0.0,0.0,0.0,0.0,0.0,0.0,0.0,1.0,1.0,1100.0,67.0,2.0,270.0,0.1,0.0,0.0,0.0,0.0,0.0,0.0,0.0,12.0,0.5,0.0,0.0,0.0,0.0,0.0,0.0,0.0,1.0,1.0,1.0,1.0,1.0,1.0,1.0,0.0,0.0,1.0,1.0,800.0,800.0,1.0,1.0,3.0,3.0,1.0,1.0,0.0,0.0,0.0,-40.0
2022-03-03 10:46:00,0.0,302.0,0.0,302.0,0.0,31.0,0.0,31.0,23.0,30.0,23.0,30.0,150.0,178.0,169.0,190.0,15.0,18.0,17.0,19.0,9.0,0.8,1.0,1.0,1.0,1.0,0.0,0.0,0.0,0.0,0.0,0.0,0.0,1.0,1.0,1100.0,67.0,2.0,270.0,0.1,0.0,0.0,0.0,0.0,0.0,0.0,0.0,12.0,0.5,0.0,0.0,0.0,0.0,0.0,0.0,0.0,1.0,1.0,1.0,1.0,1.0,1.0,1.0,0.0,0.0,1.0,1.0,800.0,800.0,1.0,1.0,3.0,3.0,1.0,1.0,0.0,0.0,0.0,-40.0
2022-03-03 10:45:00,0.0,305.0,0.0,307.0,0.0,33.0,0.0,32.0,23.0,30.0,23.0,30.0,150.0,178.0,169.0,190.0,15.0,18.0,17.0,19.0,9.0,0.8,1.0,1.0,1.0,1.0,0.0,0.0,0.0,0.0,0.0,0.0,0.0,1.0,1.0,1100.0,67.0,2.0,270.0,0.1,0.0,0.0,0.0,0.0,0.0,0.0,0.0,12.0,0.5,0.0,0.0,0.0,0.0,0.0,0.0,0.0,1.0,1.0,1.0,1.0,1.0,1.0,1.0,0.0,0.0,1.0,1.0,800.0,800.0,1.0,1.0,3.0,3.0,1.0,1.0,0.0,0.0,0.0,-40.0
2022-03-03 10:44:00,0.0,303.0,0.0,304.0,0.0,32.0,0.0,31.0,23.0,30.0,23.0,30.0,150.0,178.0,169.0,190.0,15.0,18.0,17.0,19.0,9.0,0.8,1.0,1.0,1.0,1.0,0.0,0.0,0.0,0.0,0.0,0.0,0.0,1.0,1.0,1100.0,67.0,2.0,270.0,0.1,0.0,0.0,0.0,0.0,0.0,0.0,0.0,12.0,0.5,0.0,0.0,0.0,0.0,0.0,0.0,0.0,1.0,1.0,1.0,1.0,1.0,1.0,1.0,0.0,0.0,1.0,1.0,800.0,800.0,1.0,1.0,3.0,3.0,1.0,1.0,0.0,0.0,0.0,-40.0
2022-03-03 10:42:00,0.0,299.0,0.0,299.0,0.0,30.0,0.0,30.0,23.0,30.0,23.0,30.0,150.0,178.0,169.0,190.0,15.0,18.0,17.0,19.0,9.0,0.8,1.0,1.0,1.0,1.0,0.0,0.0,0.0,0.0,0.0,0.0,0.0,1.0,1.0,1100.0,67.0,2.0,270.0,0.1,0.0,0.0,0.0,0.0,0.0,0.0,0.0,12.0,0.5,0.0,0.0,0.0,0.0,0.0,0.0,0.0,1.0,1.0,1.0,1.0,1.0,1.0,1.0,0.0,0.0,1.0,1.0,800.0,800.0,1.0,1.0,3.0,3.0,1.0,1.0,0.0,0.0,0.0,-40.0
2022-03-03 10:41:00,0.0,298.0,0.0,297.0,0.0,29.0,0.0,29.0,23.0,30.0,23.0,30.0,150.0,178.0,169.0,190.0,15.0,18.0,17.0,19.0,9.0,0.8,1.0,1.0,1.0,1.0,0.0,0.0,0.0,0.0,0.0,0.0,0.0,1.0,1.0,1100.0,67.0,2.0,270.0,0.1,0.0,0.0,0.0,0.0,0.0,0.0,0.0,12.0,0.5,0.0,0.0,0.0,0.0,0.0,0.0,0.0,1.0,1.0,1.0,1.0,1.0,1.0,1.0,0.0,0.0,1.0,1.0,800.0,800.0,1.0,1.0,3.0,3.0,1.0,1.0,0.0,0.0,0.0,-40.0
2022-03-03 10:40:00,0.0,302.0,0.0,304.0,0.0,32.0,0.0,31.0,23.0,30.0,23.0,30.0,150.0,178.0,169.0,190.0,15.0,18.0,17.0,19.0,9.0,0.8,1.0,1.0,1.0,1.0,0.0,0.0,0.0,0.0,0.0,0.0,0.0,1.0,1.0,1100.0,67.0,2.0,270.0,0.1,0.0,0.0,0.0,0.0,0.0,0.0,0.0,12.0,0.5,0.0,0.0,0.0,0.0,0.0,0.0,0.0,1.0,1.0,1.0,1.0,1.0,1.0,1.0,0.0,0.0,1.0,1.0,800.0,800.0,1.0,1.0,3.0,3.0,1.0,1.0,0.0,0.0,0.0,-40.0
2022-03-03 10:39:00,0.0,301.0,0.0,301.0,0.0,30.0,0.0,30.0,23.0,30.0,23.0,30.0,150.0,178.0,169.0,190.0,15.0,18.0,17.0,19.0,9.0,0.8,1.0,1.0,1.0,1.0,0.0,0.0,0.0,0.0,0.0,0.0,0.0,1.0,1.0,1100.0,67.0,2.0,270.0,0.1,0.0,0.0,0.0,0.0,0.0,0.0,0.0,12.0,0.5,0.0,0.0,0.0,0.0,0.0,0.0,0.0,1.0,1.0,1.0,1.0,1.0,1.0,1.0,0.0,0.0,1.0,1.0,800.0,800.0,1.0,1.0,3.0,3.0,1.0,1.0,0.0,0.0,0.0,-40.0
2022-03-03 10:38:00,0.0,296.0,0.0,295.0,0.0,28.0,0.0,28.0,23.0,30.0,23.0,30.0,150.0,178.0,169.0,190.0,15.0,18.0,17.0,19.0,9.0,0.8,1.0,1.0,1.0,1.0,0.0,0.0,0.0,0.0,0.0,0.0,0.0,1.0,1.0,1100.0,67.0,2.0,270.0,0.1,0.0,0.0,0.0,0.0,0.0,0.0,0.0,12.0,0.5,0.0,0.0,0.0,0.0,0.0,0.0,0.0,1.0,1.0,1.0,1.0,1.0,1.0,1.0,0.0,0.0,1.0,1.0,800.0,800.0,1.0,1.0,3.0,3.0,1.0,1.0,0.0,0.0,0.0,-40.0
2022-03-03 10:37:00,0.0,296.0,0.0,295.0,0.0,28.0,0.0,28.0,23.0,30.0,23.0,30.0,150.0,178.0,169.0,190.0,15.0,18.0,17.0,19.0,9.0,0.8,1.0,1.0,1.0,1.0,0.0,0.0,0.0,0.0,0.0,0.0,0.0,1.0,1.0,1100.0,67.0,2.0,270.0,0.1,0.0,0.0,0.0,0.0,0.0,0.0,0.0,12.0,0.5,0.0,0.0,0.0,0.0,0.0,0.0,0.0,1.0,1.0,1.0,1.0,1.0,1.0,1.0,0.0,0.0,1.0,1.0,800.0,800.0,1.0,1.0,3.0,3.0,1.0,1.0,0.0,0.0,0.0,-40.0
2022-03-03 10:36:00,0.0,299.0,0.0,298.0,0.0,29.0,0.0,29.0,23.0,30.0,23.0,30.0,150.0,178.0,169.0,190.0,15.0,18.0,17.0,19.0,9.0,0.8,1.0,1.0,1.0,1.0,0.0,0.0,0.0,0.0,0.0,0.0,0.0,1.0,1.0,1100.0,67.0,2.0,270.0,0.1,0.0,0.0,0.0,0.0,0.0,0.0,0.0,12.0,0.5,0.0,0.0,0.0,0.0,0.0,0.0,0.0,1.0,1.0,1.0,1.0,1.0,1.0,1.0,0.0,0.0,1.0,1.0,800.0,800.0,1.0,1.0,3.0,3.0,1.0,1.0,0.0,0.0,0.0,-40.0
2022-03-03 10:25:00,0.0,303.0,0.0,304.0,0.0,32.0,0.0,31.0,23.0,30.0,23.0,30.0,150.0,178.0,169.0,190.0,15.0,18.0,17.0,19.0,9.0,0.8,1.0,1.0,1.0,1.0,0.0,0.0,0.0,0.0,0.0,0.0,0.0,1.0,1.0,1100.0,67.0,2.0,270.0,0.1,0.0,0.0,0.0,0.0,0.0,0.0,0.0,12.0,0.5,0.0,0.0,0.0,0.0,0.0,0.0,0.0,1.0,1.0,1.0,1.0,1.0,1.0,1.0,0.0,0.0,1.0,1.0,800.0,800.0,1.0,1.0,3.0,3.0,1.0,1.0,0.0,0.0,0.0,-40.0
2022-03-03 10:22:00,0.0,297.0,0.0,297.0,0.0,29.0,0.0,29.0,23.0,30.0,23.0,30.0,150.0,178.0,169.0,190.0,15.0,18.0,17.0,19.0,9.0,0.8,1.0,1.0,1.0,1.0,0.0,0.0,0.0,0.0,0.0,0.0,0.0,1.0,1.0,1100.0,67.0,2.0,270.0,0.1,0.0,0.0,0.0,0.0,0.0,0.0,0.0,12.0,0.5,0.0,0.0,0.0,0.0,0.0,0.0,0.0,1.0,1.0,1.0,1.0,1.0,1.0,1.0,0.0,0.0,1.0,1.0,800.0,800.0,1.0,1.0,3.0,3.0,1.0,1.0,0.0,0.0,0.0,-40.0
2022-03-03 10:21:00,0.0,302.0,0.0,302.0,0.0,31.0,0.0,31.0,23.0,30.0,23.0,30.0,150.0,178.0,169.0,190.0,15.0,18.0,17.0,19.0,9.0,0.8,1.0,1.0,1.0,1.0,0.0,0.0,0.0,0.0,0.0,0.0,0.0,1.0,1.0,1100.0,67.0,2.0,270.0,0.1,0.0,0.0,0.0,0.0,0.0,0.0,0.0,12.0,0.5,0.0,0.0,0.0,0.0,0.0,0.0,0.0,1.0,1.0,1.0,1.0,1.0,1.0,1.0,0.0,0.0,1.0,1.0,800.0,800.0,1.0,1.0,3.0,3.0,1.0,1.0,0.0,0.0,0.0,-40.0
2022-03-03 10:20:00,0.0,295.0,0.0,295.0,0.0,28.0,0.0,28.0,23.0,30.0,23.0,30.0,150.0,178.0,169.0,190.0,15.0,18.0,17.0,19.0,9.0,0.8,1.0,1.0,1.0,1.0,0.0,0.0,0.0,0.0,0.0,0.0,0.0,1.0,1.0,1100.0,67.0,2.0,270.0,0.1,0.0,0.0,0.0,0.0,0.0,0.0,0.0,12.0,0.5,0.0,0.0,0.0,0.0,0.0,0.0,0.0,1.0,1.0,1.0,1.0,1.0,1.0,1.0,0.0,0.0,1.0,1.0,800.0,800.0,1.0,1.0,3.0,3.0,1.0,1.0,0.0,0.0,0.0,-40.0
2022-03-03 10:19:00,0.0,301.0,0.0,301.0,0.0,31.0,0.0,30.0,23.0,30.0,23.0,30.0,150.0,178.0,169.0,190.0,15.0,18.0,17.0,19.0,9.0,0.8,1.0,1.0,1.0,1.0,0.0,0.0,0.0,0.0,0.0,0.0,0.0,1.0,1.0,1100.0,67.0,2.0,270.0,0.1,0.0,0.0,0.0,0.0,0.0,0.0,0.0,12.0,0.5,0.0,0.0,0.0,0.0,0.0,0.0,0.0,1.0,1.0,1.0,1.0,1.0,1.0,1.0,0.0,0.0,1.0,1.0,800.0,800.0,1.0,1.0,3.0,3.0,1.0,1.0,0.0,0.0,0.0,-40.0
2022-03-03 10:18:00,0.0,301.0,0.0,301.0,0.0,31.0,0.0,30.0,23.0,30.0,23.0,30.0,150.0,178.0,169.0,190.0,15.0,18.0,17.0,19.0,9.0,0.8,1.0,1.0,1.0,1.0,0.0,0.0,0.0,0.0,0.0,0.0,0.0,1.0,1.0,1100.0,67.0,2.0,270.0,0.1,0.0,0.0,0.0,0.0,0.0,0.0,0.0,12.0,0.5,0.0,0.0,0.0,0.0,0.0,0.0,0.0,1.0,1.0,1.0,1.0,1.0,1.0,1.0,0.0,0.0,1.0,1.0,800.0,800.0,1.0,1.0,3.0,3.0,1.0,1.0,0.0,0.0,0.0,-40.0
2022-03-03 10:17:00,0.0,298.0,0.0,297.0,0.0,29.0,0.0,29.0,23.0,30.0,23.0,30.0,150.0,178.0,169.0,190.0,15.0,18.0,17.0,19.0,9.0,0.8,1.0,1.0,1.0,1.0,0.0,0.0,0.0,0.0,0.0,0.0,0.0,1.0,1.0,1100.0,67.0,2.0,270.0,0.1,0.0,0.0,0.0,0.0,0.0,0.0,0.0,12.0,0.5,0.0,0.0,0.0,0.0,0.0,0.0,0.0,1.0,1.0,1.0,1.0,1.0,1.0,1.0,0.0,0.0,1.0,1.0,800.0,800.0,1.0,1.0,3.0,3.0,1.0,1.0,0.0,0.0,0.0,-40.0
2022-03-03 10:16:00,0.0,300.0,0.0,301.0,0.0,30.0,0.0,30.0,23.0,30.0,23.0,30.0,150.0,178.0,169.0,190.0,15.0,18.0,17.0,19.0,9.0,0.8,1.0,1.0,1.0,1.0,0.0,0.0,0.0,0.0,0.0,0.0,0.0,1.0,1.0,1100.0,67.0,2.0,270.0,0.1,0.0,0.0,0.0,0.0,0.0,0.0,0.0,12.0,0.5,0.0,0.0,0.0,0.0,0.0,0.0,0.0,1.0,1.0,1.0,1.0,1.0,1.0,1.0,0.0,0.0,1.0,1.0,800.0,800.0,1.0,1.0,3.0,3.0,1.0,1.0,0.0,0.0,0.0,-40.0
2022-03-03 10:15:00,0.0,298.0,0.0,298.0,0.0,29.0,0.0,29.0,23.0,30.0,23.0,30.0,150.0,178.0,169.0,190.0,15.0,18.0,17.0,19.0,9.0,0.8,1.0,1.0,1.0,1.0,0.0,0.0,0.0,0.0,0.0,0.0,0.0,1.0,1.0,1100.0,67.0,2.0,270.0,0.1,0.0,0.0,0.0,0.0,0.0,0.0,0.0,12.0,0.5,0.0,0.0,0.0,0.0,0.0,0.0,0.0,1.0,1.0,1.0,1.0,1.0,1.0,1.0,0.0,0.0,1.0,1.0,800.0,800.0,1.0,1.0,3.0,3.0,1.0,1.0,0.0,0.0,0.0,-40.0
2022-03-03 10:14:00,0.0,300.0,0.0,300.0,0.0,30.0,0.0,30.0,23.0,30.0,23.0,30.0,150.0,178.0,169.0,190.0,15.0,18.0,17.0,19.0,9.0,0.8,1.0,1.0,1.0,1.0,0.0,0.0,0.0,0.0,0.0,0.0,0.0,1.0,1.0,1100.0,67.0,2.0,270.0,0.1,0.0,0.0,0.0,0.0,0.0,0.0,0.0,12.0,0.5,0.0,0.0,0.0,0.0,0.0,0.0,0.0,1.0,1.0,1.0,1.0,1.0,1.0,1.0,0.0,0.0,1.0,1.0,800.0,800.0,1.0,1.0,3.0,3.0,1.0,1.0,0.0,0.0,0.0,-40.0
2022-03-03 10:13:00,0.0,304.0,0.0,304.0,0.0,32.0,0.0,31.0,23.0,30.0,23.0,30.0,150.0,178.0,169.0,190.0,15.0,18.0,17.0,19.0,9.0,0.8,1.0,1.0,1.0,1.0,0.0,0.0,0.0,0.0,0.0,0.0,0.0,1.0,1.0,1100.0,67.0,2.0,270.0,0.1,0.0,0.0,0.0,0.0,0.0,0.0,0.0,12.0,0.5,0.0,0.0,0.0,0.0,0.0,0.0,0.0,1.0,1.0,1.0,1.0,1.0,1.0,1.0,0.0,0.0,1.0,1.0,800.0,800.0,1.0,1.0,3.0,3.0,1.0,1.0,0.0,0.0,0.0,-40.0
2022-03-03 10:12:00,0.0,294.0,0.0,293.0,0.0,27.0,0.0,28.0,23.0,30.0,23.0,30.0,150.0,178.0,169.0,190.0,15.0,18.0,17.0,19.0,9.0,0.8,1.0,1.0,1.0,1.0,0.0,0.0,0.0,0.0,0.0,0.0,0.0,1.0,1.0,1100.0,67.0,2.0,270.0,0.1,0.0,0.0,0.0,0.0,0.0,0.0,0.0,12.0,0.5,0.0,0.0,0.0,0.0,0.0,0.0,0.0,1.0,1.0,1.0,1.0,1.0,1.0,1.0,0.0,0.0,1.0,1.0,800.0,800.0,1.0,1.0,3.0,3.0,1.0,1.0,0.0,0.0,0.0,-40.0
2022-03-03 10:11:00,0.0,300.0,0.0,300.0,0.0,30.0,0.0,29.0,23.0,30.0,23.0,30.0,150.0,178.0,169.0,190.0,15.0,18.0,17.0,19.0,9.0,0.8,1.0,1.0,1.0,1.0,0.0,0.0,0.0,0.0,0.0,0.0,0.0,1.0,1.0,1100.0,67.0,2.0,270.0,0.1,0.0,0.0,0.0,0.0,0.0,0.0,0.0,12.0,0.5,0.0,0.0,0.0,0.0,0.0,0.0,0.0,1.0,1.0,1.0,1.0,1.0,1.0,1.0,0.0,0.0,1.0,1.0,800.0,800.0,1.0,1.0,3.0,3.0,1.0,1.0,0.0,0.0,0.0,-40.0
2022-03-03 10:10:00,0.0,298.0,0.0,298.0,0.0,29.0,0.0,29.0,23.0,30.0,23.0,30.0,150.0,178.0,169.0,190.0,15.0,18.0,17.0,19.0,9.0,0.8,1.0,1.0,1.0,1.0,0.0,0.0,0.0,0.0,0.0,0.0,0.0,1.0,1.0,1100.0,67.0,2.0,270.0,0.1,0.0,0.0,0.0,0.0,0.0,0.0,0.0,12.0,0.5,0.0,0.0,0.0,0.0,0.0,0.0,0.0,1.0,1.0,1.0,1.0,1.0,1.0,1.0,0.0,0.0,1.0,1.0,800.0,800.0,1.0,1.0,3.0,3.0,1.0,1.0,0.0,0.0,0.0,-40.0
2022-03-03 10:09:00,0.0,295.0,0.0,293.0,0.0,27.0,0.0,28.0,23.0,30.0,23.0,30.0,150.0,178.0,169.0,190.0,15.0,18.0,17.0,19.0,9.0,0.8,1.0,1.0,1.0,1.0,0.0,0.0,0.0,0.0,0.0,0.0,0.0,1.0,1.0,1100.0,67.0,2.0,270.0,0.1,0.0,0.0,0.0,0.0,0.0,0.0,0.0,12.0,0.5,0.0,0.0,0.0,0.0,0.0,0.0,0.0,1.0,1.0,1.0,1.0,1.0,1.0,1.0,0.0,0.0,1.0,1.0,800.0,800.0,1.0,1.0,3.0,3.0,1.0,1.0,0.0,0.0,0.0,-40.0
2022-03-03 10:06:00,0.0,297.0,0.0,297.0,0.0,29.0,0.0,29.0,23.0,30.0,23.0,30.0,150.0,178.0,169.0,190.0,15.0,18.0,17.0,19.0,9.0,0.8,1.0,1.0,1.0,1.0,0.0,0.0,0.0,0.0,0.0,0.0,0.0,1.0,1.0,1100.0,67.0,2.0,270.0,0.1,0.0,0.0,0.0,0.0,0.0,0.0,0.0,12.0,0.5,0.0,0.0,0.0,0.0,0.0,0.0,0.0,1.0,1.0,1.0,1.0,1.0,1.0,1.0,0.0,0.0,1.0,1.0,800.0,800.0,1.0,1.0,3.0,3.0,1.0,1.0,0.0,0.0,0.0,-40.0
2022-03-03 10:05:00,0.0,294.0,0.0,305.0,0.0,32.0,0.0,32.0,23.0,30.0,23.0,30.0,150.0,178.0,169.0,190.0,15.0,18.0,17.0,19.0,9.0,0.8,1.0,1.0,1.0,1.0,0.0,0.0,0.0,0.0,0.0,0.0,0.0,1.0,1.0,1100.0,67.0,2.0,270.0,0.1,0.0,0.0,0.0,0.0,0.0,0.0,0.0,12.0,0.5,0.0,0.0,0.0,0.0,0.0,0.0,0.0,1.0,1.0,1.0,1.0,1.0,1.0,1.0,0.0,0.0,1.0,1.0,800.0,800.0,1.0,1.0,3.0,3.0,1.0,1.0,0.0,0.0,0.0,-40.0
2022-03-03 10:04:00,0.0,299.0,0.0,299.0,0.0,30.0,0.0,30.0,23.0,30.0,23.0,30.0,150.0,178.0,169.0,190.0,15.0,18.0,17.0,19.0,9.0,0.8,1.0,1.0,1.0,1.0,0.0,0.0,0.0,0.0,0.0,0.0,0.0,1.0,1.0,1100.0,67.0,2.0,270.0,0.1,0.0,0.0,0.0,0.0,0.0,0.0,0.0,12.0,0.5,0.0,0.0,0.0,0.0,0.0,0.0,0.0,1.0,1.0,1.0,1.0,1.0,1.0,1.0,0.0,0.0,1.0,1.0,800.0,800.0,1.0,1.0,3.0,3.0,1.0,1.0,0.0,0.0,0.0,-40.0
2022-03-03 10:03:00,0.0,300.0,0.0,300.0,0.0,30.0,0.0,30.0,23.0,30.0,23.0,30.0,150.0,178.0,169.0,190.0,15.0,18.0,17.0,19.0,9.0,0.8,1.0,1.0,1.0,1.0,0.0,0.0,0.0,0.0,0.0,0.0,0.0,1.0,1.0,1100.0,67.0,2.0,270.0,0.1,0.0,0.0,0.0,0.0,0.0,0.0,0.0,12.0,0.5,0.0,0.0,0.0,0.0,0.0,0.0,0.0,1.0,1.0,1.0,1.0,1.0,1.0,1.0,0.0,0.0,1.0,1.0,800.0,800.0,1.0,1.0,3.0,3.0,1.0,1.0,0.0,0.0,0.0,-40.0
2022-03-03 10:02:00,0.0,303.0,0.0,303.0,0.0,31.0,0.0,31.0,23.0,30.0,23.0,30.0,150.0,178.0,169.0,190.0,15.0,18.0,17.0,19.0,9.0,0.8,1.0,1.0,1.0,1.0,0.0,0.0,0.0,0.0,0.0,0.0,0.0,1.0,1.0,1100.0,67.0,2.0,270.0,0.1,0.0,0.0,0.0,0.0,0.0,0.0,0.0,12.0,0.5,0.0,0.0,0.0,0.0,0.0,0.0,0.0,1.0,1.0,1.0,1.0,1.0,1.0,1.0,0.0,0.0,1.0,1.0,800.0,800.0,1.0,1.0,3.0,3.0,1.0,1.0,0.0,0.0,0.0,-40.0
2022-03-03 10:01:00,0.0,303.0,0.0,304.0,0.0,32.0,0.0,31.0,23.0,30.0,23.0,30.0,150.0,178.0,169.0,190.0,15.0,18.0,17.0,19.0,9.0,0.8,1.0,1.0,1.0,1.0,0.0,0.0,0.0,0.0,0.0,0.0,0.0,1.0,1.0,1100.0,67.0,2.0,270.0,0.1,0.0,0.0,0.0,0.0,0.0,0.0,0.0,12.0,0.5,0.0,0.0,0.0,0.0,0.0,0.0,0.0,1.0,1.0,1.0,1.0,1.0,1.0,1.0,0.0,0.0,1.0,1.0,800.0,800.0,1.0,1.0,3.0,3.0,1.0,1.0,0.0,0.0,0.0,-40.0
2022-03-03 10:00:00,0.0,299.0,0.0,298.0,0.0,29.0,0.0,29.0,23.0,30.0,23.0,30.0,150.0,178.0,169.0,190.0,15.0,18.0,17.0,19.0,9.0,0.8,1.0,1.0,1.0,1.0,0.0,0.0,0.0,0.0,0.0,0.0,0.0,1.0,1.0,1100.0,67.0,2.0,270.0,0.1,0.0,0.0,0.0,0.0,0.0,0.0,0.0,12.0,0.5,0.0,0.0,0.0,0.0,0.0,0.0,0.0,1.0,1.0,1.0,1.0,1.0,1.0,1.0,0.0,0.0,1.0,1.0,800.0,800.0,1.0,1.0,3.0,3.0,1.0,1.0,0.0,0.0,0.0,-40.0
2022-03-03 09:59:00,0.0,302.0,0.0,303.0,0.0,31.0,0.0,31.0,23.0,30.0,23.0,30.0,150.0,178.0,169.0,190.0,15.0,18.0,17.0,19.0,9.0,0.8,1.0,1.0,1.0,1.0,0.0,0.0,0.0,0.0,0.0,0.0,0.0,1.0,1.0,1100.0,67.0,2.0,270.0,0.1,0.0,0.0,0.0,0.0,0.0,0.0,0.0,12.0,0.5,0.0,0.0,0.0,0.0,0.0,0.0,0.0,1.0,1.0,1.0,1.0,1.0,1.0,1.0,0.0,0.0,1.0,1.0,800.0,800.0,1.0,1.0,3.0,3.0,1.0,1.0,0.0,0.0,0.0,-40.0
2022-03-03 09:58:00,0.0,296.0,0.0,295.0,0.0,28.0,0.0,28.0,23.0,30.0,23.0,30.0,150.0,178.0,169.0,190.0,15.0,18.0,17.0,19.0,9.0,0.8,1.0,1.0,1.0,1.0,0.0,0.0,0.0,0.0,0.0,0.0,0.0,1.0,1.0,1100.0,67.0,2.0,270.0,0.1,0.0,0.0,0.0,0.0,0.0,0.0,0.0,12.0,0.5,0.0,0.0,0.0,0.0,0.0,0.0,0.0,1.0,1.0,1.0,1.0,1.0,1.0,1.0,0.0,0.0,1.0,1.0,800.0,800.0,1.0,1.0,3.0,3.0,1.0,1.0,0.0,0.0,0.0,-40.0
2022-03-03 09:57:00,0.0,297.0,0.0,296.0,0.0,29.0,0.0,29.0,23.0,30.0,23.0,30.0,150.0,178.0,169.0,190.0,15.0,18.0,17.0,19.0,9.0,0.8,1.0,1.0,1.0,1.0,0.0,0.0,0.0,0.0,0.0,0.0,0.0,1.0,1.0,1100.0,67.0,2.0,270.0,0.1,0.0,0.0,0.0,0.0,0.0,0.0,0.0,12.0,0.5,0.0,0.0,0.0,0.0,0.0,0.0,0.0,1.0,1.0,1.0,1.0,1.0,1.0,1.0,0.0,0.0,1.0,1.0,800.0,800.0,1.0,1.0,3.0,3.0,1.0,1.0,0.0,0.0,0.0,-40.0
2022-03-03 09:56:00,0.0,298.0,0.0,298.0,0.0,29.0,0.0,29.0,23.0,30.0,23.0,30.0,150.0,178.0,169.0,190.0,15.0,18.0,17.0,19.0,9.0,0.8,1.0,1.0,1.0,1.0,0.0,0.0,0.0,0.0,0.0,0.0,0.0,1.0,1.0,1100.0,67.0,2.0,270.0,0.1,0.0,0.0,0.0,0.0,0.0,0.0,0.0,12.0,0.5,0.0,0.0,0.0,0.0,0.0,0.0,0.0,1.0,1.0,1.0,1.0,1.0,1.0,1.0,0.0,0.0,1.0,1.0,800.0,800.0,1.0,1.0,3.0,3.0,1.0,1.0,0.0,0.0,0.0,-40.0
2022-03-03 09:55:00,0.0,301.0,0.0,301.0,0.0,30.0,0.0,30.0,23.0,30.0,23.0,30.0,150.0,178.0,169.0,190.0,15.0,18.0,17.0,19.0,9.0,0.8,1.0,1.0,1.0,1.0,0.0,0.0,0.0,0.0,0.0,0.0,0.0,1.0,1.0,1100.0,67.0,2.0,270.0,0.1,0.0,0.0,0.0,0.0,0.0,0.0,0.0,12.0,0.5,0.0,0.0,0.0,0.0,0.0,0.0,0.0,1.0,1.0,1.0,1.0,1.0,1.0,1.0,0.0,0.0,1.0,1.0,800.0,800.0,1.0,1.0,3.0,3.0,1.0,1.0,0.0,0.0,0.0,-40.0
2022-03-03 09:54:00,0.0,298.0,0.0,298.0,0.0,29.0,0.0,29.0,23.0,30.0,23.0,30.0,150.0,178.0,169.0,190.0,15.0,18.0,17.0,19.0,9.0,0.8,1.0,1.0,1.0,1.0,0.0,0.0,0.0,0.0,0.0,0.0,0.0,1.0,1.0,1100.0,67.0,2.0,270.0,0.1,0.0,0.0,0.0,0.0,0.0,0.0,0.0,12.0,0.5,0.0,0.0,0.0,0.0,0.0,0.0,0.0,1.0,1.0,1.0,1.0,1.0,1.0,1.0,0.0,0.0,1.0,1.0,800.0,800.0,1.0,1.0,3.0,3.0,1.0,1.0,0.0,0.0,0.0,-40.0
2022-03-03 09:53:00,0.0,297.0,0.0,296.0,0.0,28.0,0.0,29.0,23.0,30.0,23.0,30.0,150.0,178.0,169.0,190.0,15.0,18.0,17.0,19.0,9.0,0.8,1.0,1.0,1.0,1.0,0.0,0.0,0.0,0.0,0.0,0.0,0.0,1.0,1.0,1100.0,67.0,2.0,270.0,0.1,0.0,0.0,0.0,0.0,0.0,0.0,0.0,12.0,0.5,0.0,0.0,0.0,0.0,0.0,0.0,0.0,1.0,1.0,1.0,1.0,1.0,1.0,1.0,0.0,0.0,1.0,1.0,800.0,800.0,1.0,1.0,3.0,3.0,1.0,1.0,0.0,0.0,0.0,-40.0
2022-03-03 09:52:00,0.0,297.0,0.0,296.0,0.0,28.0,0.0,29.0,23.0,30.0,23.0,30.0,150.0,178.0,169.0,190.0,15.0,18.0,17.0,19.0,9.0,0.8,1.0,1.0,1.0,1.0,0.0,0.0,0.0,0.0,0.0,0.0,0.0,1.0,1.0,1100.0,67.0,2.0,270.0,0.1,0.0,0.0,0.0,0.0,0.0,0.0,0.0,12.0,0.5,0.0,0.0,0.0,0.0,0.0,0.0,0.0,1.0,1.0,1.0,1.0,1.0,1.0,1.0,0.0,0.0,1.0,1.0,800.0,800.0,1.0,1.0,3.0,3.0,1.0,1.0,0.0,0.0,0.0,-40.0
2022-03-03 09:51:00,0.0,300.0,0.0,300.0,0.0,27.0,0.0,28.0,23.0,30.0,23.0,30.0,150.0,178.0,169.0,190.0,15.0,18.0,17.0,19.0,9.0,0.8,1.0,1.0,1.0,1.0,0.0,0.0,0.0,0.0,0.0,0.0,0.0,1.0,1.0,1100.0,67.0,2.0,270.0,0.1,0.0,0.0,0.0,0.0,0.0,0.0,0.0,12.0,0.5,0.0,0.0,0.0,0.0,0.0,0.0,0.0,1.0,1.0,1.0,1.0,1.0,1.0,1.0,0.0,0.0,1.0,1.0,800.0,800.0,1.0,1.0,3.0,3.0,1.0,1.0,0.0,0.0,0.0,-40.0
2022-03-03 09:50:00,0.0,299.0,0.0,299.0,0.0,29.0,0.0,30.0,23.0,30.0,23.0,30.0,150.0,178.0,169.0,190.0,15.0,18.0,17.0,19.0,9.0,0.8,1.0,1.0,1.0,1.0,0.0,0.0,0.0,0.0,0.0,0.0,0.0,1.0,1.0,1100.0,67.0,2.0,270.0,0.1,0.0,0.0,0.0,0.0,0.0,0.0,0.0,12.0,0.5,0.0,0.0,0.0,0.0,0.0,0.0,0.0,1.0,1.0,1.0,1.0,1.0,1.0,1.0,0.0,0.0,1.0,1.0,800.0,800.0,1.0,1.0,3.0,3.0,1.0,1.0,0.0,0.0,0.0,-40.0
2022-03-03 09:49:00,0.0,295.0,0.0,294.0,0.0,28.0,0.0,28.0,23.0,30.0,23.0,30.0,150.0,178.0,169.0,190.0,15.0,18.0,17.0,19.0,9.0,0.8,1.0,1.0,1.0,1.0,0.0,0.0,0.0,0.0,0.0,0.0,0.0,1.0,1.0,1100.0,67.0,2.0,270.0,0.1,0.0,0.0,0.0,0.0,0.0,0.0,0.0,12.0,0.5,0.0,0.0,0.0,0.0,0.0,0.0,0.0,1.0,1.0,1.0,1.0,1.0,1.0,1.0,0.0,0.0,1.0,1.0,800.0,800.0,1.0,1.0,3.0,3.0,1.0,1.0,0.0,0.0,0.0,-40.0
2022-03-03 09:48:00,0.0,296.0,0.0,295.0,0.0,28.0,0.0,28.0,23.0,30.0,23.0,30.0,150.0,178.0,169.0,190.0,15.0,18.0,17.0,19.0,9.0,0.8,1.0,1.0,1.0,1.0,0.0,0.0,0.0,0.0,0.0,0.0,0.0,1.0,1.0,1100.0,67.0,2.0,270.0,0.1,0.0,0.0,0.0,0.0,0.0,0.0,0.0,12.0,0.5,0.0,0.0,0.0,0.0,0.0,0.0,0.0,1.0,1.0,1.0,1.0,1.0,1.0,1.0,0.0,0.0,1.0,1.0,800.0,800.0,1.0,1.0,3.0,3.0,1.0,1.0,0.0,0.0,0.0,-40.0
2022-03-03 09:47:00,0.0,306.0,0.0,307.0,0.0,33.0,0.0,32.0,23.0,30.0,23.0,30.0,150.0,178.0,169.0,190.0,15.0,18.0,17.0,19.0,9.0,0.8,1.0,1.0,1.0,1.0,0.0,0.0,0.0,0.0,0.0,0.0,0.0,1.0,1.0,1100.0,67.0,2.0,270.0,0.1,0.0,0.0,0.0,0.0,0.0,0.0,0.0,12.0,0.5,0.0,0.0,0.0,0.0,0.0,0.0,0.0,1.0,1.0,1.0,1.0,1.0,1.0,1.0,0.0,0.0,1.0,1.0,800.0,800.0,1.0,1.0,3.0,3.0,1.0,1.0,0.0,0.0,0.0,-40.0
2022-03-03 09:46:00,0.0,300.0,0.0,300.0,0.0,30.0,0.0,30.0,23.0,30.0,23.0,30.0,150.0,178.0,169.0,190.0,15.0,18.0,17.0,19.0,9.0,0.8,1.0,1.0,1.0,1.0,0.0,0.0,0.0,0.0,0.0,0.0,0.0,1.0,1.0,1100.0,67.0,2.0,270.0,0.1,0.0,0.0,0.0,0.0,0.0,0.0,0.0,12.0,0.5,0.0,0.0,0.0,0.0,0.0,0.0,0.0,1.0,1.0,1.0,1.0,1.0,1.0,1.0,0.0,0.0,1.0,1.0,800.0,800.0,1.0,1.0,3.0,3.0,1.0,1.0,0.0,0.0,0.0,-40.0
2022-03-03 09:45:00,0.0,301.0,0.0,302.0,0.0,32.0,0.0,32.0,23.0,30.0,23.0,30.0,150.0,178.0,169.0,190.0,15.0,18.0,17.0,19.0,9.0,0.8,1.0,1.0,1.0,1.0,0.0,0.0,0.0,0.0,0.0,0.0,0.0,1.0,1.0,1100.0,67.0,2.0,270.0,0.1,0.0,0.0,0.0,0.0,0.0,0.0,0.0,12.0,0.5,0.0,0.0,0.0,0.0,0.0,0.0,0.0,1.0,1.0,1.0,1.0,1.0,1.0,1.0,0.0,0.0,1.0,1.0,800.0,800.0,1.0,1.0,3.0,3.0,1.0,1.0,0.0,0.0,0.0,-40.0
2022-03-03 09:44:00,0.0,305.0,0.0,306.0,0.0,32.0,0.0,32.0,23.0,30.0,23.0,30.0,150.0,178.0,169.0,190.0,15.0,18.0,17.0,19.0,9.0,0.8,1.0,1.0,1.0,1.0,0.0,0.0,0.0,0.0,0.0,0.0,0.0,1.0,1.0,1100.0,67.0,2.0,270.0,0.1,0.0,0.0,0.0,0.0,0.0,0.0,0.0,12.0,0.5,0.0,0.0,0.0,0.0,0.0,0.0,0.0,1.0,1.0,1.0,1.0,1.0,1.0,1.0,0.0,0.0,1.0,1.0,800.0,800.0,1.0,1.0,3.0,3.0,1.0,1.0,0.0,0.0,0.0,-40.0
2022-03-03 09:43:00,0.0,301.0,0.0,301.0,0.0,30.0,0.0,30.0,23.0,30.0,23.0,30.0,150.0,178.0,169.0,190.0,15.0,18.0,17.0,19.0,9.0,0.8,1.0,1.0,1.0,1.0,0.0,0.0,0.0,0.0,0.0,0.0,0.0,1.0,1.0,1100.0,67.0,2.0,270.0,0.1,0.0,0.0,0.0,0.0,0.0,0.0,0.0,12.0,0.5,0.0,0.0,0.0,0.0,0.0,0.0,0.0,1.0,1.0,1.0,1.0,1.0,1.0,1.0,0.0,0.0,1.0,1.0,800.0,800.0,1.0,1.0,3.0,3.0,1.0,1.0,0.0,0.0,0.0,-40.0
2022-03-03 09:42:00,0.0,295.0,0.0,293.0,0.0,27.0,0.0,28.0,23.0,30.0,23.0,30.0,150.0,178.0,169.0,190.0,15.0,18.0,17.0,19.0,9.0,0.8,1.0,1.0,1.0,1.0,0.0,0.0,0.0,0.0,0.0,0.0,0.0,1.0,1.0,1100.0,67.0,2.0,270.0,0.1,0.0,0.0,0.0,0.0,0.0,0.0,0.0,12.0,0.5,0.0,0.0,0.0,0.0,0.0,0.0,0.0,1.0,1.0,1.0,1.0,1.0,1.0,1.0,0.0,0.0,1.0,1.0,800.0,800.0,1.0,1.0,3.0,3.0,1.0,1.0,0.0,0.0,0.0,-40.0
2022-03-03 09:41:00,0.0,294.0,0.0,293.0,0.0,27.0,0.0,28.0,23.0,30.0,23.0,30.0,150.0,178.0,169.0,190.0,15.0,18.0,17.0,19.0,9.0,0.8,1.0,1.0,1.0,1.0,0.0,0.0,0.0,0.0,0.0,0.0,0.0,1.0,1.0,1100.0,67.0,2.0,270.0,0.1,0.0,0.0,0.0,0.0,0.0,0.0,0.0,12.0,0.5,0.0,0.0,0.0,0.0,0.0,0.0,0.0,1.0,1.0,1.0,1.0,1.0,1.0,1.0,0.0,0.0,1.0,1.0,800.0,800.0,1.0,1.0,3.0,3.0,1.0,1.0,0.0,0.0,0.0,-40.0
2022-03-03 09:40:00,0.0,303.0,0.0,304.0,0.0,32.0,0.0,31.0,23.0,30.0,23.0,30.0,150.0,178.0,169.0,190.0,15.0,18.0,17.0,19.0,9.0,0.8,1.0,1.0,1.0,1.0,0.0,0.0,0.0,0.0,0.0,0.0,0.0,1.0,1.0,1100.0,67.0,2.0,270.0,0.1,0.0,0.0,0.0,0.0,0.0,0.0,0.0,12.0,0.5,0.0,0.0,0.0,0.0,0.0,0.0,0.0,1.0,1.0,1.0,1.0,1.0,1.0,1.0,0.0,0.0,1.0,1.0,800.0,800.0,1.0,1.0,3.0,3.0,1.0,1.0,0.0,0.0,0.0,-40.0
2022-03-03 09:39:00,0.0,302.0,0.0,297.0,0.0,29.0,0.0,29.0,23.0,30.0,23.0,30.0,150.0,178.0,169.0,190.0,15.0,18.0,17.0,19.0,9.0,0.8,1.0,1.0,1.0,1.0,0.0,0.0,0.0,0.0,0.0,0.0,0.0,1.0,1.0,1100.0,67.0,2.0,270.0,0.1,0.0,0.0,0.0,0.0,0.0,0.0,0.0,12.0,0.5,0.0,0.0,0.0,0.0,0.0,0.0,0.0,1.0,1.0,1.0,1.0,1.0,1.0,1.0,0.0,0.0,1.0,1.0,800.0,800.0,1.0,1.0,3.0,3.0,1.0,1.0,0.0,0.0,0.0,-40.0
2022-03-03 09:38:00,0.0,306.0,0.0,307.0,0.0,33.0,0.0,32.0,23.0,30.0,23.0,30.0,150.0,178.0,169.0,190.0,15.0,18.0,17.0,19.0,9.0,0.8,1.0,1.0,1.0,1.0,0.0,0.0,0.0,0.0,0.0,0.0,0.0,1.0,1.0,1100.0,67.0,2.0,270.0,0.1,0.0,0.0,0.0,0.0,0.0,0.0,0.0,12.0,0.5,0.0,0.0,0.0,0.0,0.0,0.0,0.0,1.0,1.0,1.0,1.0,1.0,1.0,1.0,0.0,0.0,1.0,1.0,800.0,800.0,1.0,1.0,3.0,3.0,1.0,1.0,0.0,0.0,0.0,-40.0
2022-03-03 09:37:00,0.0,302.0,0.0,303.0,0.0,31.0,0.0,31.0,23.0,30.0,23.0,30.0,150.0,178.0,169.0,190.0,15.0,18.0,17.0,19.0,9.0,0.8,1.0,1.0,1.0,1.0,0.0,0.0,0.0,0.0,0.0,0.0,0.0,1.0,1.0,1100.0,67.0,2.0,270.0,0.1,0.0,0.0,0.0,0.0,0.0,0.0,0.0,12.0,0.5,0.0,0.0,0.0,0.0,0.0,0.0,0.0,1.0,1.0,1.0,1.0,1.0,1.0,1.0,0.0,0.0,1.0,1.0,800.0,800.0,1.0,1.0,3.0,3.0,1.0,1.0,0.0,0.0,0.0,-40.0
2022-03-03 09:36:00,0.0,296.0,0.0,295.0,0.0,28.0,0.0,28.0,23.0,30.0,23.0,30.0,150.0,178.0,169.0,190.0,15.0,18.0,17.0,19.0,9.0,0.8,1.0,1.0,1.0,1.0,0.0,0.0,0.0,0.0,0.0,0.0,0.0,1.0,1.0,1100.0,67.0,2.0,270.0,0.1,0.0,0.0,0.0,0.0,0.0,0.0,0.0,12.0,0.5,0.0,0.0,0.0,0.0,0.0,0.0,0.0,1.0,1.0,1.0,1.0,1.0,1.0,1.0,0.0,0.0,1.0,1.0,800.0,800.0,1.0,1.0,3.0,3.0,1.0,1.0,0.0,0.0,0.0,-40.0
2022-03-03 09:35:00,0.0,300.0,0.0,300.0,0.0,30.0,0.0,30.0,23.0,30.0,23.0,30.0,150.0,178.0,169.0,190.0,15.0,18.0,17.0,19.0,9.0,0.8,1.0,1.0,1.0,1.0,0.0,0.0,0.0,0.0,0.0,0.0,0.0,1.0,1.0,1100.0,67.0,2.0,270.0,0.1,0.0,0.0,0.0,0.0,0.0,0.0,0.0,12.0,0.5,0.0,0.0,0.0,0.0,0.0,0.0,0.0,1.0,1.0,1.0,1.0,1.0,1.0,1.0,0.0,0.0,1.0,1.0,800.0,800.0,1.0,1.0,3.0,3.0,1.0,1.0,0.0,0.0,0.0,-40.0
2022-03-03 09:34:00,0.0,297.0,0.0,296.0,0.0,28.0,0.0,29.0,23.0,30.0,23.0,30.0,150.0,178.0,169.0,190.0,15.0,18.0,17.0,19.0,9.0,0.8,1.0,1.0,1.0,1.0,0.0,0.0,0.0,0.0,0.0,0.0,0.0,1.0,1.0,1100.0,67.0,2.0,270.0,0.1,0.0,0.0,0.0,0.0,0.0,0.0,0.0,12.0,0.5,0.0,0.0,0.0,0.0,0.0,0.0,0.0,1.0,1.0,1.0,1.0,1.0,1.0,1.0,0.0,0.0,1.0,1.0,800.0,800.0,1.0,1.0,3.0,3.0,1.0,1.0,0.0,0.0,0.0,-40.0
2022-03-03 09:33:00,0.0,300.0,0.0,301.0,0.0,30.0,0.0,30.0,23.0,30.0,23.0,30.0,150.0,178.0,169.0,190.0,15.0,18.0,17.0,19.0,9.0,0.8,1.0,1.0,1.0,1.0,0.0,0.0,0.0,0.0,0.0,0.0,0.0,1.0,1.0,1100.0,67.0,2.0,270.0,0.1,0.0,0.0,0.0,0.0,0.0,0.0,0.0,12.0,0.5,0.0,0.0,0.0,0.0,0.0,0.0,0.0,1.0,1.0,1.0,1.0,1.0,1.0,1.0,0.0,0.0,1.0,1.0,800.0,800.0,1.0,1.0,3.0,3.0,1.0,1.0,0.0,0.0,0.0,-40.0
2022-03-03 09:32:00,0.0,303.0,0.0,299.0,0.0,30.0,0.0,30.0,23.0,30.0,23.0,30.0,150.0,178.0,169.0,190.0,15.0,18.0,17.0,19.0,9.0,0.8,1.0,1.0,1.0,1.0,0.0,0.0,0.0,0.0,0.0,0.0,0.0,1.0,1.0,1100.0,67.0,2.0,270.0,0.1,0.0,0.0,0.0,0.0,0.0,0.0,0.0,12.0,0.5,0.0,0.0,0.0,0.0,0.0,0.0,0.0,1.0,1.0,1.0,1.0,1.0,1.0,1.0,0.0,0.0,1.0,1.0,800.0,800.0,1.0,1.0,3.0,3.0,1.0,1.0,0.0,0.0,0.0,-40.0
2022-03-03 09:31:00,0.0,299.0,0.0,298.0,0.0,29.0,0.0,29.0,23.0,30.0,23.0,30.0,150.0,178.0,169.0,190.0,15.0,18.0,17.0,19.0,9.0,0.8,1.0,1.0,1.0,1.0,0.0,0.0,0.0,0.0,0.0,0.0,0.0,1.0,1.0,1100.0,67.0,2.0,270.0,0.1,0.0,0.0,0.0,0.0,0.0,0.0,0.0,12.0,0.5,0.0,0.0,0.0,0.0,0.0,0.0,0.0,1.0,1.0,1.0,1.0,1.0,1.0,1.0,0.0,0.0,1.0,1.0,800.0,800.0,1.0,1.0,3.0,3.0,1.0,1.0,0.0,0.0,0.0,-40.0
2022-03-03 09:30:00,0.0,301.0,0.0,301.0,0.0,30.0,0.0,30.0,23.0,30.0,23.0,30.0,150.0,178.0,169.0,190.0,15.0,18.0,17.0,19.0,9.0,0.8,1.0,1.0,1.0,1.0,0.0,0.0,0.0,0.0,0.0,0.0,0.0,1.0,1.0,1100.0,67.0,2.0,270.0,0.1,0.0,0.0,0.0,0.0,0.0,0.0,0.0,12.0,0.5,0.0,0.0,0.0,0.0,0.0,0.0,0.0,1.0,1.0,1.0,1.0,1.0,1.0,1.0,0.0,0.0,1.0,1.0,800.0,800.0,1.0,1.0,3.0,3.0,1.0,1.0,0.0,0.0,0.0,-40.0
2022-03-03 09:29:00,0.0,303.0,0.0,304.0,0.0,31.0,0.0,31.0,23.0,30.0,23.0,30.0,150.0,178.0,169.0,190.0,15.0,18.0,17.0,19.0,9.0,0.8,1.0,1.0,1.0,1.0,0.0,0.0,0.0,0.0,0.0,0.0,0.0,1.0,1.0,1100.0,67.0,2.0,270.0,0.1,0.0,0.0,0.0,0.0,0.0,0.0,0.0,12.0,0.5,0.0,0.0,0.0,0.0,0.0,0.0,0.0,1.0,1.0,1.0,1.0,1.0,1.0,1.0,0.0,0.0,1.0,1.0,800.0,800.0,1.0,1.0,3.0,3.0,1.0,1.0,0.0,0.0,0.0,-40.0
2022-03-03 09:28:00,0.0,300.0,0.0,300.0,0.0,30.0,0.0,30.0,23.0,30.0,23.0,30.0,150.0,178.0,169.0,190.0,15.0,18.0,17.0,19.0,9.0,0.8,1.0,1.0,1.0,1.0,0.0,0.0,0.0,0.0,0.0,0.0,0.0,1.0,1.0,1100.0,67.0,2.0,270.0,0.1,0.0,0.0,0.0,0.0,0.0,0.0,0.0,12.0,0.5,0.0,0.0,0.0,0.0,0.0,0.0,0.0,1.0,1.0,1.0,1.0,1.0,1.0,1.0,0.0,0.0,1.0,1.0,800.0,800.0,1.0,1.0,3.0,3.0,1.0,1.0,0.0,0.0,0.0,-40.0
2022-03-03 09:27:00,0.0,296.0,0.0,295.0,0.0,28.0,0.0,28.0,23.0,30.0,23.0,30.0,150.0,178.0,169.0,190.0,15.0,18.0,17.0,19.0,9.0,0.8,1.0,1.0,1.0,1.0,0.0,0.0,0.0,0.0,0.0,0.0,0.0,1.0,1.0,1100.0,67.0,2.0,270.0,0.1,0.0,0.0,0.0,0.0,0.0,0.0,0.0,12.0,0.5,0.0,0.0,0.0,0.0,0.0,0.0,0.0,1.0,1.0,1.0,1.0,1.0,1.0,1.0,0.0,0.0,1.0,1.0,800.0,800.0,1.0,1.0,3.0,3.0,1.0,1.0,0.0,0.0,0.0,-40.0
2022-03-03 09:26:00,0.0,303.0,0.0,304.0,0.0,32.0,0.0,28.0,23.0,30.0,23.0,30.0,150.0,178.0,169.0,190.0,15.0,18.0,17.0,19.0,9.0,0.8,1.0,1.0,1.0,1.0,0.0,0.0,0.0,0.0,0.0,0.0,0.0,1.0,1.0,1100.0,67.0,2.0,270.0,0.1,0.0,0.0,0.0,0.0,0.0,0.0,0.0,12.0,0.5,0.0,0.0,0.0,0.0,0.0,0.0,0.0,1.0,1.0,1.0,1.0,1.0,1.0,1.0,0.0,0.0,1.0,1.0,800.0,800.0,1.0,1.0,3.0,3.0,1.0,1.0,0.0,0.0,0.0,-40.0
2022-03-03 09:25:00,0.0,296.0,0.0,294.0,0.0,28.0,0.0,29.0,23.0,30.0,23.0,30.0,150.0,178.0,169.0,190.0,15.0,18.0,17.0,19.0,9.0,0.8,1.0,1.0,1.0,1.0,0.0,0.0,0.0,0.0,0.0,0.0,0.0,1.0,1.0,1100.0,67.0,2.0,270.0,0.1,0.0,0.0,0.0,0.0,0.0,0.0,0.0,12.0,0.5,0.0,0.0,0.0,0.0,0.0,0.0,0.0,1.0,1.0,1.0,1.0,1.0,1.0,1.0,0.0,0.0,1.0,1.0,800.0,800.0,1.0,1.0,3.0,3.0,1.0,1.0,0.0,0.0,0.0,-40.0
2022-03-03 09:24:00,0.0,297.0,0.0,296.0,0.0,28.0,0.0,29.0,23.0,30.0,23.0,30.0,150.0,178.0,169.0,190.0,15.0,18.0,17.0,19.0,9.0,0.8,1.0,1.0,1.0,1.0,0.0,0.0,0.0,0.0,0.0,0.0,0.0,1.0,1.0,1100.0,67.0,2.0,270.0,0.1,0.0,0.0,0.0,0.0,0.0,0.0,0.0,12.0,0.5,0.0,0.0,0.0,0.0,0.0,0.0,0.0,1.0,1.0,1.0,1.0,1.0,1.0,1.0,0.0,0.0,1.0,1.0,800.0,800.0,1.0,1.0,3.0,3.0,1.0,1.0,0.0,0.0,0.0,-40.0
2022-03-03 09:23:00,0.0,299.0,0.0,298.0,0.0,29.0,0.0,29.0,23.0,30.0,23.0,30.0,150.0,178.0,169.0,190.0,15.0,18.0,17.0,19.0,9.0,0.8,1.0,1.0,1.0,1.0,0.0,0.0,0.0,0.0,0.0,0.0,0.0,1.0,1.0,1100.0,67.0,2.0,270.0,0.1,0.0,0.0,0.0,0.0,0.0,0.0,0.0,12.0,0.5,0.0,0.0,0.0,0.0,0.0,0.0,0.0,1.0,1.0,1.0,1.0,1.0,1.0,1.0,0.0,0.0,1.0,1.0,800.0,800.0,1.0,1.0,3.0,3.0,1.0,1.0,0.0,0.0,0.0,-40.0
2022-03-03 09:22:00,0.0,294.0,0.0,293.0,0.0,31.0,0.0,31.0,23.0,30.0,23.0,30.0,150.0,178.0,169.0,190.0,15.0,18.0,17.0,19.0,9.0,0.8,1.0,1.0,1.0,1.0,0.0,0.0,0.0,0.0,0.0,0.0,0.0,1.0,1.0,1100.0,67.0,2.0,270.0,0.1,0.0,0.0,0.0,0.0,0.0,0.0,0.0,12.0,0.5,0.0,0.0,0.0,0.0,0.0,0.0,0.0,1.0,1.0,1.0,1.0,1.0,1.0,1.0,0.0,0.0,1.0,1.0,800.0,800.0,1.0,1.0,3.0,3.0,1.0,1.0,0.0,0.0,0.0,-40.0
2022-03-03 09:21:00,0.0,300.0,0.0,300.0,0.0,30.0,0.0,30.0,23.0,30.0,23.0,30.0,150.0,178.0,169.0,190.0,15.0,18.0,17.0,19.0,9.0,0.8,1.0,1.0,1.0,1.0,0.0,0.0,0.0,0.0,0.0,0.0,0.0,1.0,1.0,1100.0,67.0,2.0,270.0,0.1,0.0,0.0,0.0,0.0,0.0,0.0,0.0,12.0,0.5,0.0,0.0,0.0,0.0,0.0,0.0,0.0,1.0,1.0,1.0,1.0,1.0,1.0,1.0,0.0,0.0,1.0,1.0,800.0,800.0,1.0,1.0,3.0,3.0,1.0,1.0,0.0,0.0,0.0,-40.0
2022-03-03 09:20:00,0.0,296.0,0.0,295.0,0.0,28.0,0.0,28.0,23.0,30.0,23.0,30.0,150.0,178.0,169.0,190.0,15.0,18.0,17.0,19.0,9.0,0.8,1.0,1.0,1.0,1.0,0.0,0.0,0.0,0.0,0.0,0.0,0.0,1.0,1.0,1100.0,67.0,2.0,270.0,0.1,0.0,0.0,0.0,0.0,0.0,0.0,0.0,12.0,0.5,0.0,0.0,0.0,0.0,0.0,0.0,0.0,1.0,1.0,1.0,1.0,1.0,1.0,1.0,0.0,0.0,1.0,1.0,800.0,800.0,1.0,1.0,3.0,3.0,1.0,1.0,0.0,0.0,0.0,-40.0
2022-03-03 09:19:00,0.0,296.0,0.0,295.0,0.0,28.0,0.0,28.0,23.0,30.0,23.0,30.0,150.0,178.0,169.0,190.0,15.0,18.0,17.0,19.0,9.0,0.8,1.0,1.0,1.0,1.0,0.0,0.0,0.0,0.0,0.0,0.0,0.0,1.0,1.0,1100.0,67.0,2.0,270.0,0.1,0.0,0.0,0.0,0.0,0.0,0.0,0.0,12.0,0.5,0.0,0.0,0.0,0.0,0.0,0.0,0.0,1.0,1.0,1.0,1.0,1.0,1.0,1.0,0.0,0.0,1.0,1.0,800.0,800.0,1.0,1.0,3.0,3.0,1.0,1.0,0.0,0.0,0.0,-40.0
2022-03-03 09:18:00,0.0,296.0,0.0,295.0,0.0,28.0,0.0,28.0,23.0,30.0,23.0,30.0,150.0,178.0,169.0,190.0,15.0,18.0,17.0,19.0,9.0,0.8,1.0,1.0,1.0,1.0,0.0,0.0,0.0,0.0,0.0,0.0,0.0,1.0,1.0,1100.0,67.0,2.0,270.0,0.1,0.0,0.0,0.0,0.0,0.0,0.0,0.0,12.0,0.5,0.0,0.0,0.0,0.0,0.0,0.0,0.0,1.0,1.0,1.0,1.0,1.0,1.0,1.0,0.0,0.0,1.0,1.0,800.0,800.0,1.0,1.0,3.0,3.0,1.0,1.0,0.0,0.0,0.0,-40.0
2022-03-03 09:17:00,0.0,294.0,0.0,293.0,0.0,28.0,0.0,28.0,23.0,30.0,23.0,30.0,150.0,178.0,169.0,190.0,15.0,18.0,17.0,19.0,9.0,0.8,1.0,1.0,1.0,1.0,0.0,0.0,0.0,0.0,0.0,0.0,0.0,1.0,1.0,1100.0,67.0,2.0,270.0,0.1,0.0,0.0,0.0,0.0,0.0,0.0,0.0,12.0,0.5,0.0,0.0,0.0,0.0,0.0,0.0,0.0,1.0,1.0,1.0,1.0,1.0,1.0,1.0,0.0,0.0,1.0,1.0,800.0,800.0,1.0,1.0,3.0,3.0,1.0,1.0,0.0,0.0,0.0,-40.0
2022-03-03 09:16:00,0.0,294.0,0.0,293.0,0.0,29.0,0.0,29.0,23.0,30.0,23.0,30.0,150.0,178.0,169.0,190.0,15.0,18.0,17.0,19.0,9.0,0.8,1.0,1.0,1.0,1.0,0.0,0.0,0.0,0.0,0.0,0.0,0.0,1.0,1.0,1100.0,67.0,2.0,270.0,0.1,0.0,0.0,0.0,0.0,0.0,0.0,0.0,12.0,0.5,0.0,0.0,0.0,0.0,0.0,0.0,0.0,1.0,1.0,1.0,1.0,1.0,1.0,1.0,0.0,0.0,1.0,1.0,800.0,800.0,1.0,1.0,3.0,3.0,1.0,1.0,0.0,0.0,0.0,-40.0
2022-03-03 09:15:00,0.0,296.0,0.0,295.0,0.0,28.0,0.0,28.0,23.0,30.0,23.0,30.0,150.0,178.0,169.0,190.0,15.0,18.0,17.0,19.0,9.0,0.8,1.0,1.0,1.0,1.0,0.0,0.0,0.0,0.0,0.0,0.0,0.0,1.0,1.0,1100.0,67.0,2.0,270.0,0.1,0.0,0.0,0.0,0.0,0.0,0.0,0.0,12.0,0.5,0.0,0.0,0.0,0.0,0.0,0.0,0.0,1.0,1.0,1.0,1.0,1.0,1.0,1.0,0.0,0.0,1.0,1.0,800.0,800.0,1.0,1.0,3.0,3.0,1.0,1.0,0.0,0.0,0.0,-40.0
2022-03-03 09:14:00,0.0,298.0,0.0,297.0,0.0,29.0,0.0,29.0,23.0,30.0,23.0,30.0,150.0,178.0,169.0,190.0,15.0,18.0,17.0,19.0,9.0,0.8,1.0,1.0,1.0,1.0,0.0,0.0,0.0,0.0,0.0,0.0,0.0,1.0,1.0,1100.0,67.0,2.0,270.0,0.1,0.0,0.0,0.0,0.0,0.0,0.0,0.0,12.0,0.5,0.0,0.0,0.0,0.0,0.0,0.0,0.0,1.0,1.0,1.0,1.0,1.0,1.0,1.0,0.0,0.0,1.0,1.0,800.0,800.0,1.0,1.0,3.0,3.0,1.0,1.0,0.0,0.0,0.0,-40.0
2022-03-03 09:13:00,0.0,299.0,0.0,298.0,0.0,29.0,0.0,29.0,23.0,30.0,23.0,30.0,150.0,178.0,169.0,190.0,15.0,18.0,17.0,19.0,9.0,0.8,1.0,1.0,1.0,1.0,0.0,0.0,0.0,0.0,0.0,0.0,0.0,1.0,1.0,1100.0,67.0,2.0,270.0,0.1,0.0,0.0,0.0,0.0,0.0,0.0,0.0,12.0,0.5,0.0,0.0,0.0,0.0,0.0,0.0,0.0,1.0,1.0,1.0,1.0,1.0,1.0,1.0,0.0,0.0,1.0,1.0,800.0,800.0,1.0,1.0,3.0,3.0,1.0,1.0,0.0,0.0,0.0,-40.0
2022-03-03 09:12:00,0.0,306.0,0.0,307.0,0.0,33.0,0.0,32.0,23.0,30.0,23.0,30.0,150.0,178.0,169.0,190.0,15.0,18.0,17.0,19.0,9.0,0.8,1.0,1.0,1.0,1.0,0.0,0.0,0.0,0.0,0.0,0.0,0.0,1.0,1.0,1100.0,67.0,2.0,270.0,0.1,0.0,0.0,0.0,0.0,0.0,0.0,0.0,12.0,0.5,0.0,0.0,0.0,0.0,0.0,0.0,0.0,1.0,1.0,1.0,1.0,1.0,1.0,1.0,0.0,0.0,1.0,1.0,800.0,800.0,1.0,1.0,3.0,3.0,1.0,1.0,0.0,0.0,0.0,-40.0
2022-03-03 09:11:00,0.0,303.0,0.0,304.0,0.0,30.0,0.0,30.0,23.0,30.0,23.0,30.0,150.0,178.0,169.0,190.0,15.0,18.0,17.0,19.0,9.0,0.8,1.0,1.0,1.0,1.0,0.0,0.0,0.0,0.0,0.0,0.0,0.0,1.0,1.0,1100.0,67.0,2.0,270.0,0.1,0.0,0.0,0.0,0.0,0.0,0.0,0.0,12.0,0.5,0.0,0.0,0.0,0.0,0.0,0.0,0.0,1.0,1.0,1.0,1.0,1.0,1.0,1.0,0.0,0.0,1.0,1.0,800.0,800.0,1.0,1.0,3.0,3.0,1.0,1.0,0.0,0.0,0.0,-40.0
2022-03-03 09:10:00,0.0,302.0,0.0,302.0,0.0,31.0,0.0,31.0,23.0,30.0,23.0,30.0,150.0,178.0,169.0,190.0,15.0,18.0,17.0,19.0,9.0,0.8,1.0,1.0,1.0,1.0,0.0,0.0,0.0,0.0,0.0,0.0,0.0,1.0,1.0,1100.0,67.0,2.0,270.0,0.1,0.0,0.0,0.0,0.0,0.0,0.0,0.0,12.0,0.5,0.0,0.0,0.0,0.0,0.0,0.0,0.0,1.0,1.0,1.0,1.0,1.0,1.0,1.0,0.0,0.0,1.0,1.0,800.0,800.0,1.0,1.0,3.0,3.0,1.0,1.0,0.0,0.0,0.0,-40.0
2022-03-03 09:09:00,0.0,303.0,0.0,304.0,0.0,32.0,0.0,31.0,23.0,30.0,23.0,30.0,150.0,178.0,169.0,190.0,15.0,18.0,17.0,19.0,9.0,0.8,1.0,1.0,1.0,1.0,0.0,0.0,0.0,0.0,0.0,0.0,0.0,1.0,1.0,1100.0,67.0,2.0,270.0,0.1,0.0,0.0,0.0,0.0,0.0,0.0,0.0,12.0,0.5,0.0,0.0,0.0,0.0,0.0,0.0,0.0,1.0,1.0,1.0,1.0,1.0,1.0,1.0,0.0,0.0,1.0,1.0,800.0,800.0,1.0,1.0,3.0,3.0,1.0,1.0,0.0,0.0,0.0,-40.0
2022-03-03 09:08:00,0.0,297.0,0.0,297.0,0.0,29.0,0.0,29.0,23.0,30.0,23.0,30.0,150.0,178.0,169.0,190.0,15.0,18.0,17.0,19.0,9.0,0.8,1.0,1.0,1.0,1.0,0.0,0.0,0.0,0.0,0.0,0.0,0.0,1.0,1.0,1100.0,67.0,2.0,270.0,0.1,0.0,0.0,0.0,0.0,0.0,0.0,0.0,12.0,0.5,0.0,0.0,0.0,0.0,0.0,0.0,0.0,1.0,1.0,1.0,1.0,1.0,1.0,1.0,0.0,0.0,1.0,1.0,800.0,800.0,1.0,1.0,3.0,3.0,1.0,1.0,0.0,0.0,0.0,-40.0
2022-03-03 09:07:00,0.0,303.0,0.0,304.0,0.0,32.0,0.0,31.0,23.0,30.0,23.0,30.0,150.0,178.0,169.0,190.0,15.0,18.0,17.0,19.0,9.0,0.8,1.0,1.0,1.0,1.0,0.0,0.0,0.0,0.0,0.0,0.0,0.0,1.0,1.0,1100.0,67.0,2.0,270.0,0.1,0.0,0.0,0.0,0.0,0.0,0.0,0.0,12.0,0.5,0.0,0.0,0.0,0.0,0.0,0.0,0.0,1.0,1.0,1.0,1.0,1.0,1.0,1.0,0.0,0.0,1.0,1.0,800.0,800.0,1.0,1.0,3.0,3.0,1.0,1.0,0.0,0.0,0.0,-40.0
2022-03-02 18:18:00,0.0,305.0,0.0,307.0,0.0,33.0,0.0,32.0,23.0,30.0,23.0,30.0,150.0,178.0,169.0,190.0,15.0,18.0,17.0,19.0,9.0,0.8,1.0,1.0,1.0,1.0,0.0,0.0,0.0,0.0,0.0,0.0,0.0,1.0,1.0,1100.0,67.0,2.0,270.0,0.1,0.0,0.0,0.0,0.0,0.0,0.0,0.0,12.0,0.5,0.0,0.0,0.0,0.0,0.0,0.0,0.0,1.0,1.0,1.0,1.0,1.0,1.0,1.0,0.0,0.0,1.0,1.0,800.0,800.0,1.0,1.0,3.0,3.0,1.0,1.0,0.0,0.0,0.0,-40.0
2022-03-02 18:17:00,0.0,299.0,0.0,299.0,0.0,31.0,0.0,31.0,23.0,30.0,23.0,30.0,150.0,178.0,169.0,190.0,15.0,18.0,17.0,19.0,9.0,0.8,1.0,1.0,1.0,1.0,0.0,0.0,0.0,0.0,0.0,0.0,0.0,1.0,1.0,1100.0,67.0,2.0,270.0,0.1,0.0,0.0,0.0,0.0,0.0,0.0,0.0,12.0,0.5,0.0,0.0,0.0,0.0,0.0,0.0,0.0,1.0,1.0,1.0,1.0,1.0,1.0,1.0,0.0,0.0,1.0,1.0,800.0,800.0,1.0,1.0,3.0,3.0,1.0,1.0,0.0,0.0,0.0,-40.0
2022-03-02 18:16:00,0.0,305.0,0.0,306.0,0.0,33.0,0.0,32.0,23.0,30.0,23.0,30.0,150.0,178.0,169.0,190.0,15.0,18.0,17.0,19.0,9.0,0.8,1.0,1.0,1.0,1.0,0.0,0.0,0.0,0.0,0.0,0.0,0.0,1.0,1.0,1100.0,67.0,2.0,270.0,0.1,0.0,0.0,0.0,0.0,0.0,0.0,0.0,12.0,0.5,0.0,0.0,0.0,0.0,0.0,0.0,0.0,1.0,1.0,1.0,1.0,1.0,1.0,1.0,0.0,0.0,1.0,1.0,800.0,800.0,1.0,1.0,3.0,3.0,1.0,1.0,0.0,0.0,0.0,-40.0
2022-03-02 18:15:00,0.0,296.0,0.0,295.0,0.0,28.0,0.0,28.0,23.0,30.0,23.0,30.0,150.0,178.0,169.0,190.0,15.0,18.0,17.0,19.0,9.0,0.8,1.0,1.0,1.0,1.0,0.0,0.0,0.0,0.0,0.0,0.0,0.0,1.0,1.0,1100.0,67.0,2.0,270.0,0.1,0.0,0.0,0.0,0.0,0.0,0.0,0.0,12.0,0.5,0.0,0.0,0.0,0.0,0.0,0.0,0.0,1.0,1.0,1.0,1.0,1.0,1.0,1.0,0.0,0.0,1.0,1.0,800.0,800.0,1.0,1.0,3.0,3.0,1.0,1.0,0.0,0.0,0.0,-40.0
2022-03-02 18:14:00,0.0,298.0,0.0,297.0,0.0,29.0,0.0,29.0,23.0,30.0,23.0,30.0,150.0,178.0,169.0,190.0,15.0,18.0,17.0,19.0,9.0,0.8,1.0,1.0,1.0,1.0,0.0,0.0,0.0,0.0,0.0,0.0,0.0,1.0,1.0,1100.0,67.0,2.0,270.0,0.1,0.0,0.0,0.0,0.0,0.0,0.0,0.0,12.0,0.5,0.0,0.0,0.0,0.0,0.0,0.0,0.0,1.0,1.0,1.0,1.0,1.0,1.0,1.0,0.0,0.0,1.0,1.0,800.0,800.0,1.0,1.0,3.0,3.0,1.0,1.0,0.0,0.0,0.0,-40.0
